-- ============================================================
-- Auto-generated Seed Data for Colleges, Courses, Placements, and Events (FULL DATASET)
-- ============================================================

-- Clean up any previous seed data to avoid email or ID conflicts
DELETE FROM users WHERE id >= 100;

-- 1. USERS
INSERT INTO users (id, role, name, email, password_hash, phone) VALUES
(100, 'college', 'IIT Madras (Indian Institute of Technology)', 'deanadmn@iitm.ac.in', '$2b$10$N9qo8uLOickgx2ZMRZoMyeIjZAgcfl7p92ldGxad68LPVImSgoeVW', '04420000001'),
(101, 'college', 'College of Engineering, Guindy (CEG)', 'cegdeanoffice@gmail.com', '$2b$10$N9qo8uLOickgx2ZMRZoMyeIjZAgcfl7p92ldGxad68LPVImSgoeVW', '04420000002'),
(102, 'college', 'Madras Institute of Technology (MIT)', 'dean@mitindia.edu', '$2b$10$N9qo8uLOickgx2ZMRZoMyeIjZAgcfl7p92ldGxad68LPVImSgoeVW', '04420000003'),
(103, 'college', 'IIITDM Kancheepuram', 'office@iiitdm.ac.in', '$2b$10$N9qo8uLOickgx2ZMRZoMyeIjZAgcfl7p92ldGxad68LPVImSgoeVW', '04420000004'),
(104, 'college', 'SSN College of Engineering', 'info@ssn.edu.in', '$2b$10$N9qo8uLOickgx2ZMRZoMyeIjZAgcfl7p92ldGxad68LPVImSgoeVW', '04420000005'),
(105, 'college', 'Chennai Institute of Technology (CIT)', 'info@citchennai.net', '$2b$10$N9qo8uLOickgx2ZMRZoMyeIjZAgcfl7p92ldGxad68LPVImSgoeVW', '04420000006'),
(106, 'college', 'SRM Easwari Engineering College', 'principal@eec.srmrmp.edu.in', '$2b$10$N9qo8uLOickgx2ZMRZoMyeIjZAgcfl7p92ldGxad68LPVImSgoeVW', '04420000007'),
(107, 'college', 'Sri Sairam Engineering College', 'sairam@sairam.edu.in', '$2b$10$N9qo8uLOickgx2ZMRZoMyeIjZAgcfl7p92ldGxad68LPVImSgoeVW', '04420000008'),
(108, 'college', 'Rajalakshmi Engineering College (REC)', 'cityoffice@rajalakshmi.edu.in', '$2b$10$N9qo8uLOickgx2ZMRZoMyeIjZAgcfl7p92ldGxad68LPVImSgoeVW', '04420000009'),
(109, 'college', 'St. Joseph''s College of Engineering', 'jprstjosephs@stjosephs.ac.in', '$2b$10$N9qo8uLOickgx2ZMRZoMyeIjZAgcfl7p92ldGxad68LPVImSgoeVW', '04420000010'),
(110, 'college', 'Saveetha Engineering College', 'admission@saveetha.ac.in', '$2b$10$N9qo8uLOickgx2ZMRZoMyeIjZAgcfl7p92ldGxad68LPVImSgoeVW', '04420000011'),
(111, 'college', 'KCG College of Technology', 'principal@kcgcollege.com', '$2b$10$N9qo8uLOickgx2ZMRZoMyeIjZAgcfl7p92ldGxad68LPVImSgoeVW', '04420000012'),
(112, 'college', 'Loyola-ICAM College of Engineering (LICET)', 'licet@licet.ac.in', '$2b$10$N9qo8uLOickgx2ZMRZoMyeIjZAgcfl7p92ldGxad68LPVImSgoeVW', '04420000013'),
(113, 'college', 'Meenakshi Sundararajan Engineering College', 'principal@msec.edu.in', '$2b$10$N9qo8uLOickgx2ZMRZoMyeIjZAgcfl7p92ldGxad68LPVImSgoeVW', '04420000014'),
(114, 'college', 'Sri Venkateswara College of Engineering (SVCE)', 'principal@svce.ac.in', '$2b$10$N9qo8uLOickgx2ZMRZoMyeIjZAgcfl7p92ldGxad68LPVImSgoeVW', '04420000015'),
(115, 'college', 'Panimalar Engineering College', 'info@panimalar.ac.in', '$2b$10$N9qo8uLOickgx2ZMRZoMyeIjZAgcfl7p92ldGxad68LPVImSgoeVW', '04420000016'),
(116, 'college', 'Velammal Engineering College', 'velammal@velammal.edu.in', '$2b$10$N9qo8uLOickgx2ZMRZoMyeIjZAgcfl7p92ldGxad68LPVImSgoeVW', '04420000017'),
(117, 'college', 'Jeppiaar Engineering College', 'dean@jeppiaarcollege.org', '$2b$10$N9qo8uLOickgx2ZMRZoMyeIjZAgcfl7p92ldGxad68LPVImSgoeVW', '04420000018'),
(118, 'college', 'Vel Tech Rangarajan Dr. Sagunthala R&D Institute', 'admission@veltech.edu.in', '$2b$10$N9qo8uLOickgx2ZMRZoMyeIjZAgcfl7p92ldGxad68LPVImSgoeVW', '04420000019'),
(119, 'college', 'B.S. Abdur Rahman Crescent Institute of Science and Technology', 'admissions@crescent.education', '$2b$10$N9qo8uLOickgx2ZMRZoMyeIjZAgcfl7p92ldGxad68LPVImSgoeVW', '04420000020'),
(120, 'college', 'Dhaanish Ahmed College of Engineering', 'info@dhaanishcollege.co.in', '$2b$10$N9qo8uLOickgx2ZMRZoMyeIjZAgcfl7p92ldGxad68LPVImSgoeVW', '04420000021'),
(121, 'college', 'Sree Sastha Institute of Engineering & Technology', 'headadmission@ssiet.in', '$2b$10$N9qo8uLOickgx2ZMRZoMyeIjZAgcfl7p92ldGxad68LPVImSgoeVW', '04420000022'),
(122, 'college', 'SRM Institute of Science and Technology (SRMIST)', 'infodesk@srmist.edu.in', '$2b$10$N9qo8uLOickgx2ZMRZoMyeIjZAgcfl7p92ldGxad68LPVImSgoeVW', '04420000023'),
(123, 'college', 'VIT Chennai Campus', 'admin.chennai@vit.ac.in', '$2b$10$N9qo8uLOickgx2ZMRZoMyeIjZAgcfl7p92ldGxad68LPVImSgoeVW', '04420000024'),
(124, 'college', 'Sathyabama Institute of Science and Technology', 'johnbruce@sathyabama.ac.in', '$2b$10$N9qo8uLOickgx2ZMRZoMyeIjZAgcfl7p92ldGxad68LPVImSgoeVW', '04420000025'),
(125, 'college', 'Dr. M.G.R. Educational and Research Institute', 'contact@drmgrdu.ac.in', '$2b$10$N9qo8uLOickgx2ZMRZoMyeIjZAgcfl7p92ldGxad68LPVImSgoeVW', '04420000026'),
(126, 'college', 'VELS Institute of Science, Technology and Advanced Studies', 'vels@vistas.ac.in', '$2b$10$N9qo8uLOickgx2ZMRZoMyeIjZAgcfl7p92ldGxad68LPVImSgoeVW', '04420000027'),
(127, 'college', 'PSG College of Technology (PSGCT)', 'principal@psgtech.ac.in', '$2b$10$N9qo8uLOickgx2ZMRZoMyeIjZAgcfl7p92ldGxad68LPVImSgoeVW', '04420000028'),
(128, 'college', 'Government College of Technology', 'principal@gct.ac.in', '$2b$10$N9qo8uLOickgx2ZMRZoMyeIjZAgcfl7p92ldGxad68LPVImSgoeVW', '04420000029'),
(129, 'college', 'Coimbatore Institute of Technology (CIT)', 'principal.citoffice@cit.edu.in', '$2b$10$N9qo8uLOickgx2ZMRZoMyeIjZAgcfl7p92ldGxad68LPVImSgoeVW', '04420000030'),
(130, 'college', 'Kumaraguru College of Technology (KCT)', 'info@kct.ac.in', '$2b$10$N9qo8uLOickgx2ZMRZoMyeIjZAgcfl7p92ldGxad68LPVImSgoeVW', '04420000031'),
(131, 'college', 'Amrita School of Engineering', 'univhq@amrita.edu', '$2b$10$N9qo8uLOickgx2ZMRZoMyeIjZAgcfl7p92ldGxad68LPVImSgoeVW', '04420000032'),
(132, 'college', 'Karunya Institute of Technology and Sciences', 'info@karunya.edu', '$2b$10$N9qo8uLOickgx2ZMRZoMyeIjZAgcfl7p92ldGxad68LPVImSgoeVW', '04420000033'),
(133, 'college', 'Sri Krishna College of Engineering and Technology', 'placement@skcet.ac.in', '$2b$10$N9qo8uLOickgx2ZMRZoMyeIjZAgcfl7p92ldGxad68LPVImSgoeVW', '04420000034'),
(134, 'college', 'Sri Ramakrishna Engineering College (SREC)', 'principal@srec.ac.in', '$2b$10$N9qo8uLOickgx2ZMRZoMyeIjZAgcfl7p92ldGxad68LPVImSgoeVW', '04420000035'),
(135, 'college', 'Sri Ramakrishna Institute of Technology (Autonomous)', 'sritech@sriindia.net', '$2b$10$N9qo8uLOickgx2ZMRZoMyeIjZAgcfl7p92ldGxad68LPVImSgoeVW', '04420000036'),
(136, 'college', 'Sri Ranganathar Institute of Engineering and Technology', 'principal@srit.org', '$2b$10$N9qo8uLOickgx2ZMRZoMyeIjZAgcfl7p92ldGxad68LPVImSgoeVW', '04420000037'),
(137, 'college', 'Sri Sai Ranganathan Engineering College', 'rec.cbe@gmail.com', '$2b$10$N9qo8uLOickgx2ZMRZoMyeIjZAgcfl7p92ldGxad68LPVImSgoeVW', '04420000038'),
(138, 'college', 'Sri Shakthi Institute of Engineering and Technology (Autonomous)', 'admissions@siet.ac.in', '$2b$10$N9qo8uLOickgx2ZMRZoMyeIjZAgcfl7p92ldGxad68LPVImSgoeVW', '04420000039'),
(139, 'college', 'Sriguru Institute of Technology', 'sriguru@sriguru.ac.in', '$2b$10$N9qo8uLOickgx2ZMRZoMyeIjZAgcfl7p92ldGxad68LPVImSgoeVW', '04420000040'),
(140, 'college', 'Suguna College of Engineering', 'sugucoe@gmail.com', '$2b$10$N9qo8uLOickgx2ZMRZoMyeIjZAgcfl7p92ldGxad68LPVImSgoeVW', '04420000041'),
(141, 'college', 'Tamilnadu College of Engineering', 'principal@tnce.in', '$2b$10$N9qo8uLOickgx2ZMRZoMyeIjZAgcfl7p92ldGxad68LPVImSgoeVW', '04420000042'),
(142, 'college', 'VSB College of Engineering Technical Campus', 'admission@vsbcetc.com', '$2b$10$N9qo8uLOickgx2ZMRZoMyeIjZAgcfl7p92ldGxad68LPVImSgoeVW', '04420000043'),
(143, 'college', 'Aishwarya College of Engineering and Technology', 'admissions@aishwaryaenggcollege.ac.in', '$2b$10$N9qo8uLOickgx2ZMRZoMyeIjZAgcfl7p92ldGxad68LPVImSgoeVW', '04420000044'),
(144, 'college', 'Al-Ameen Engineering College', 'alameenengg@yahoo.com', '$2b$10$N9qo8uLOickgx2ZMRZoMyeIjZAgcfl7p92ldGxad68LPVImSgoeVW', '04420000045'),
(145, 'college', 'Bannari Amman Institute of Technology (Autonomous)', 'stayahead@bitsathy.ac.in', '$2b$10$N9qo8uLOickgx2ZMRZoMyeIjZAgcfl7p92ldGxad68LPVImSgoeVW', '04420000046'),
(146, 'college', 'Erode Sengunthar Engineering College (Autonomous)', 'esec@esec.ac.in', '$2b$10$N9qo8uLOickgx2ZMRZoMyeIjZAgcfl7p92ldGxad68LPVImSgoeVW', '04420000047'),
(147, 'college', 'Institute of Road and Transport Technology', 'gceeprincipal@gmail.com', '$2b$10$N9qo8uLOickgx2ZMRZoMyeIjZAgcfl7p92ldGxad68LPVImSgoeVW', '04420000048'),
(148, 'college', 'JKK Muniraja College of Technology', 'principal@jkkmct.edu.in', '$2b$10$N9qo8uLOickgx2ZMRZoMyeIjZAgcfl7p92ldGxad68LPVImSgoeVW', '04420000049'),
(149, 'college', 'Kongu Engineering College (Autonomous)', 'principal@kongu.ac.in', '$2b$10$N9qo8uLOickgx2ZMRZoMyeIjZAgcfl7p92ldGxad68LPVImSgoeVW', '04420000050'),
(150, 'college', 'MP Nachimuthu M Jagannathan Engineering College', 'mpnmjec@mpnmjec.ac.in', '$2b$10$N9qo8uLOickgx2ZMRZoMyeIjZAgcfl7p92ldGxad68LPVImSgoeVW', '04420000051'),
(151, 'college', 'Nandha Engineering College (Autonomous)', 'principal@nandhaengg.org', '$2b$10$N9qo8uLOickgx2ZMRZoMyeIjZAgcfl7p92ldGxad68LPVImSgoeVW', '04420000052'),
(152, 'college', 'Shree Venkateshwara Hi-Tech Engineering College', 'principal@svhec.com', '$2b$10$N9qo8uLOickgx2ZMRZoMyeIjZAgcfl7p92ldGxad68LPVImSgoeVW', '04420000053'),
(153, 'college', 'Surya Engineering College', 'secerode@gmail.com', '$2b$10$N9qo8uLOickgx2ZMRZoMyeIjZAgcfl7p92ldGxad68LPVImSgoeVW', '04420000054'),
(154, 'college', 'Velalar College of Engineering and Technology', 'principal@velalarengg.ac.in', '$2b$10$N9qo8uLOickgx2ZMRZoMyeIjZAgcfl7p92ldGxad68LPVImSgoeVW', '04420000055'),
(155, 'college', 'Annai Mathammal Sheela', 'amsec.principal@gmail.com', '$2b$10$N9qo8uLOickgx2ZMRZoMyeIjZAgcfl7p92ldGxad68LPVImSgoeVW', '04420000056'),
(156, 'college', 'Excel College of Engg & Tech', 'admission@excelcolleges.com', '$2b$10$N9qo8uLOickgx2ZMRZoMyeIjZAgcfl7p92ldGxad68LPVImSgoeVW', '04420000057'),
(157, 'college', 'Excel Engineering College (A)', 'principal@excelengg.com', '$2b$10$N9qo8uLOickgx2ZMRZoMyeIjZAgcfl7p92ldGxad68LPVImSgoeVW', '04420000058'),
(158, 'college', 'Gnanamani College of Engg', 'info@gce.org.in', '$2b$10$N9qo8uLOickgx2ZMRZoMyeIjZAgcfl7p92ldGxad68LPVImSgoeVW', '04420000059'),
(159, 'college', 'Gnanamani College of Tech', 'gctinfo@gce.org.in', '$2b$10$N9qo8uLOickgx2ZMRZoMyeIjZAgcfl7p92ldGxad68LPVImSgoeVW', '04420000060'),
(160, 'college', 'JKK Nataraja College of Engg', 'principal@jkkn.ac.in', '$2b$10$N9qo8uLOickgx2ZMRZoMyeIjZAgcfl7p92ldGxad68LPVImSgoeVW', '04420000061'),
(161, 'college', 'KSR College of Engg (A)', 'info@ksrce.ac.in', '$2b$10$N9qo8uLOickgx2ZMRZoMyeIjZAgcfl7p92ldGxad68LPVImSgoeVW', '04420000062'),
(162, 'college', 'KSR Inst. for Engg & Tech', 'info@ksriet.ac.in', '$2b$10$N9qo8uLOickgx2ZMRZoMyeIjZAgcfl7p92ldGxad68LPVImSgoeVW', '04420000063'),
(163, 'college', 'KS Rangasamy Coll of Tech', 'principal@ksrct.ac.in', '$2b$10$N9qo8uLOickgx2ZMRZoMyeIjZAgcfl7p92ldGxad68LPVImSgoeVW', '04420000064'),
(164, 'college', 'Mahendra Engg College (A)', 'info@mahendra.info', '$2b$10$N9qo8uLOickgx2ZMRZoMyeIjZAgcfl7p92ldGxad68LPVImSgoeVW', '04420000065'),
(165, 'college', 'Mahendra Inst of Engg & Tech', 'miet@mahendra.info', '$2b$10$N9qo8uLOickgx2ZMRZoMyeIjZAgcfl7p92ldGxad68LPVImSgoeVW', '04420000066'),
(166, 'college', 'Mahendra Inst of Technology', 'mit@mahendra.info', '$2b$10$N9qo8uLOickgx2ZMRZoMyeIjZAgcfl7p92ldGxad68LPVImSgoeVW', '04420000067'),
(167, 'college', 'Muthayammal College of Engg', 'info@mce.ac.in', '$2b$10$N9qo8uLOickgx2ZMRZoMyeIjZAgcfl7p92ldGxad68LPVImSgoeVW', '04420000068'),
(168, 'college', 'Muthayammal Engg Coll (A)', 'met.principal@gmail.com', '$2b$10$N9qo8uLOickgx2ZMRZoMyeIjZAgcfl7p92ldGxad68LPVImSgoeVW', '04420000069'),
(169, 'college', 'PGP College of Engg & Tech', 'pgpcet@pgpcolleges.com', '$2b$10$N9qo8uLOickgx2ZMRZoMyeIjZAgcfl7p92ldGxad68LPVImSgoeVW', '04420000070'),
(170, 'college', 'Paavai College of Engg', 'pecprincipal@paavai.edu.in', '$2b$10$N9qo8uLOickgx2ZMRZoMyeIjZAgcfl7p92ldGxad68LPVImSgoeVW', '04420000071'),
(171, 'college', 'Paavai College of Technology', 'pctprincipal@paavai.edu.in', '$2b$10$N9qo8uLOickgx2ZMRZoMyeIjZAgcfl7p92ldGxad68LPVImSgoeVW', '04420000072'),
(172, 'college', 'Paavai Engg College (A)', 'pecprincipal@paavai.edu.in', '$2b$10$N9qo8uLOickgx2ZMRZoMyeIjZAgcfl7p92ldGxad68LPVImSgoeVW', '04420000073'),
(173, 'college', 'SSM College of Engineering', 'ssmceadmission@gmail.com', '$2b$10$N9qo8uLOickgx2ZMRZoMyeIjZAgcfl7p92ldGxad68LPVImSgoeVW', '04420000074'),
(174, 'college', 'Selvam College of Technology', 'principal@selvamtech.edu.in', '$2b$10$N9qo8uLOickgx2ZMRZoMyeIjZAgcfl7p92ldGxad68LPVImSgoeVW', '04420000075'),
(175, 'college', 'Sengunthar College of Engg', 'info@sengunthar.org', '$2b$10$N9qo8uLOickgx2ZMRZoMyeIjZAgcfl7p92ldGxad68LPVImSgoeVW', '04420000076'),
(176, 'college', 'Sengunthar Engg College (A)', 'principal@sectgc.ac.in', '$2b$10$N9qo8uLOickgx2ZMRZoMyeIjZAgcfl7p92ldGxad68LPVImSgoeVW', '04420000077'),
(177, 'college', 'SRG Engineering College', 'srgprincipal@gmail.com', '$2b$10$N9qo8uLOickgx2ZMRZoMyeIjZAgcfl7p92ldGxad68LPVImSgoeVW', '04420000078'),
(178, 'college', 'Vidyaa Vikas Coll of Engg', 'principal@vvct.ac.in', '$2b$10$N9qo8uLOickgx2ZMRZoMyeIjZAgcfl7p92ldGxad68LPVImSgoeVW', '04420000079'),
(179, 'college', 'Vivekanandha Coll (Women)', 'principal@vcew.ac.in', '$2b$10$N9qo8uLOickgx2ZMRZoMyeIjZAgcfl7p92ldGxad68LPVImSgoeVW', '04420000080'),
(180, 'college', 'Vivekanandha Tech (Women)', 'principal@vctw.ac.in', '$2b$10$N9qo8uLOickgx2ZMRZoMyeIjZAgcfl7p92ldGxad68LPVImSgoeVW', '04420000081'),
(181, 'college', 'AVS Engineering College', 'principal@avsenggcollege.ac.in', '$2b$10$N9qo8uLOickgx2ZMRZoMyeIjZAgcfl7p92ldGxad68LPVImSgoeVW', '04420000082'),
(182, 'college', 'Annapoorana Engineering College', 'support@aecsalem.edu.in', '$2b$10$N9qo8uLOickgx2ZMRZoMyeIjZAgcfl7p92ldGxad68LPVImSgoeVW', '04420000083'),
(183, 'college', 'AVS College of Technology', 'info@avstech.ac.in', '$2b$10$N9qo8uLOickgx2ZMRZoMyeIjZAgcfl7p92ldGxad68LPVImSgoeVW', '04420000084'),
(184, 'college', 'Dhirajlal Gandhi College of Tech', 'info@dgct.ac.in', '$2b$10$N9qo8uLOickgx2ZMRZoMyeIjZAgcfl7p92ldGxad68LPVImSgoeVW', '04420000085'),
(185, 'college', 'Ganesh College of Engineering', 'principal@ganeshenggcollege.org', '$2b$10$N9qo8uLOickgx2ZMRZoMyeIjZAgcfl7p92ldGxad68LPVImSgoeVW', '04420000086'),
(186, 'college', 'GCE Salem (Autonomous)', 'gcesalem@gmail.com', '$2b$10$N9qo8uLOickgx2ZMRZoMyeIjZAgcfl7p92ldGxad68LPVImSgoeVW', '04420000087'),
(187, 'college', 'Knowledge Institute of Tech', 'klot@klot.ac.in', '$2b$10$N9qo8uLOickgx2ZMRZoMyeIjZAgcfl7p92ldGxad68LPVImSgoeVW', '04420000088'),
(188, 'college', 'Mahendra College of Engineering', 'info@mahendraarts.org', '$2b$10$N9qo8uLOickgx2ZMRZoMyeIjZAgcfl7p92ldGxad68LPVImSgoeVW', '04420000089'),
(189, 'college', 'Narasu''s Sarathy Inst. of Tech', 'admin@nsit.edu.in', '$2b$10$N9qo8uLOickgx2ZMRZoMyeIjZAgcfl7p92ldGxad68LPVImSgoeVW', '04420000090'),
(190, 'college', 'Salem College of Engg & Tech', 'info@salemcollege.org', '$2b$10$N9qo8uLOickgx2ZMRZoMyeIjZAgcfl7p92ldGxad68LPVImSgoeVW', '04420000091'),
(191, 'college', 'Shree Sathyam College of Engg', 'info@shreesathyam.edu.in', '$2b$10$N9qo8uLOickgx2ZMRZoMyeIjZAgcfl7p92ldGxad68LPVImSgoeVW', '04420000092'),
(192, 'college', 'Sona College of Tech (Autonomous)', 'info@sonatech.ac.in', '$2b$10$N9qo8uLOickgx2ZMRZoMyeIjZAgcfl7p92ldGxad68LPVImSgoeVW', '04420000093'),
(193, 'college', 'Sri Shanmugha College of Engg', 'info@shanmugha.edu.in', '$2b$10$N9qo8uLOickgx2ZMRZoMyeIjZAgcfl7p92ldGxad68LPVImSgoeVW', '04420000094'),
(194, 'college', 'Tagore Institute of Engg & Tech', 'principaltiet@tagoreiet.ac', '$2b$10$N9qo8uLOickgx2ZMRZoMyeIjZAgcfl7p92ldGxad68LPVImSgoeVW', '04420000095'),
(195, 'college', 'The Kavery College of Engineering', 'tketoffice@gmail.com', '$2b$10$N9qo8uLOickgx2ZMRZoMyeIjZAgcfl7p92ldGxad68LPVImSgoeVW', '04420000096'),
(196, 'college', 'The Kavery Engineering College', 'tkce_education@rediffmail.com', '$2b$10$N9qo8uLOickgx2ZMRZoMyeIjZAgcfl7p92ldGxad68LPVImSgoeVW', '04420000097'),
(197, 'college', 'VSA Group of Institutions', 'dsvakoia@gmail.com', '$2b$10$N9qo8uLOickgx2ZMRZoMyeIjZAgcfl7p92ldGxad68LPVImSgoeVW', '04420000098')
ON CONFLICT (email) DO NOTHING;

-- 2. COLLEGES
INSERT INTO colleges (user_id, college_name, address, city, state, website, description, established, accreditation) VALUES
(100, 'IIT Madras (Indian Institute of Technology)', 'Indian Institute of Technology Madras, IIT P.O., Chennai 600 036, INDIA', 'Chennai', 'Tamil Nadu', 'https://www.iitm.ac.in', 'Premier institute offering world-class engineering education and research.', 1959, 'NAAC A++'),
(101, 'College of Engineering, Guindy (CEG)', 'CEG Campus, Guindy Anna University, Chennai, Tamil Nadu 600025', 'Chennai', 'Tamil Nadu', 'https://www.ceg.annauniv.edu', 'One of the oldest and highly reputed engineering colleges in India.', 1794, 'NAAC A++'),
(102, 'Madras Institute of Technology (MIT)', 'Anna University, MIT Campus Chromepet, Chennai 600044', 'Chennai', 'Tamil Nadu', 'https://www.mitindia.edu', 'Known for pioneering aeronautical and automobile engineering.', 1949, 'NAAC A+'),
(103, 'IIITDM Kancheepuram', 'Melakkottaiyur, off Vandalur-Kelambakkam Road, Chennai - 600127, Tamil Nadu, India', 'Chennai', 'Tamil Nadu', 'https://www.iiitdm.ac.in', 'Institute of national importance for IT and Design.', 2007, 'NAAC A'),
(104, 'SSN College of Engineering', 'Rajiv Gandhi Salai (OMR), Kalavakkam, Chennai - 603 110', 'Chennai', 'Tamil Nadu', 'https://www.ssn.edu.in', 'Top private engineering college with excellent infrastructure and placements.', 1996, 'NAAC A++'),
(105, 'Chennai Institute of Technology (CIT)', 'Sarathy Nagar, Kundrathur, Chennai-600069, TamilNadu, India.', 'Chennai', 'Tamil Nadu', 'https://www.citchennai.edu.in', 'Leading engineering college focusing on industry-ready graduates.', 2010, 'NAAC A+'),
(106, 'SRM Easwari Engineering College', '162, Bharathi Salai, Ramapuram, Chennai, Tamil Nadu 600089, India', 'Chennai', 'Tamil Nadu', 'https://www.srmrmp.edu.in', 'Top engineering college with modern amenities.', 1996, 'NAAC A'),
(107, 'Sri Sairam Engineering College', 'No.31, Madley Road, T.Nagar, Chennai - 600 017, Tamilnadu, India.', 'Chennai', 'Tamil Nadu', 'https://www.sairam.edu.in', 'Renowned for value-based education.', 1995, 'NAAC A+'),
(108, 'Rajalakshmi Engineering College (REC)', '# 69 New Avadi Road, Kilpauk, Chennai - 600 010.', 'Chennai', 'Tamil Nadu', 'https://www.rajalakshmi.edu.in', 'Leading college providing robust placements.', 1997, 'NAAC A'),
(109, 'St. Joseph''s College of Engineering', 'St. Joseph''s College of Engineering, OMR, Chennai - 119', 'Chennai', 'Tamil Nadu', 'https://www.stjosephs.ac.in', 'Consistently achieving top ranks in university.', 1994, 'NAAC A+'),
(110, 'Saveetha Engineering College', 'Saveetha Nagar, Thandalam, Chennai - 602105', 'Chennai', 'Tamil Nadu', 'https://www.saveetha.ac.in', 'Autonomous institution empowering students.', 2001, 'NAAC A'),
(111, 'KCG College of Technology', 'KCG Nagar, Rajiv Gandhi Salai, Karapakkam, Chennai - 600 097, Tamil Nadu, India.', 'Chennai', 'Tamil Nadu', 'https://www.kcgcollege.com', 'Promoting holistic technical education.', 1998, 'NAAC A'),
(112, 'Loyola-ICAM College of Engineering (LICET)', 'Loyola Campus Nungambakkam, Chennai - 600034.', 'Chennai', 'Tamil Nadu', 'https://www.licet.ac.in', 'A joint venture offering global engineering exposure.', 2010, 'NAAC A'),
(113, 'Meenakshi Sundararajan Engineering College', '363, Arcot Road, Kodambakkam, Chennai, Tamil Nadu 600024', 'Chennai', 'Tamil Nadu', 'https://www.msec.edu.in', 'Strong focus on discipline and academics.', 2001, 'NAAC A'),
(114, 'Sri Venkateswara College of Engineering (SVCE)', '1/3A River View Road, Sector 3, Kotturpuram, Chennai, Tamil Nadu 600085', 'Chennai', 'Tamil Nadu', 'https://www.svce.ac.in', 'Excellent campus with diverse research opportunities.', 1985, 'NAAC A+'),
(115, 'Panimalar Engineering College', 'Bangalore Trunk Road, Varadharajapuram, Poonamallee, Chennai - 600 123.', 'Chennai', 'Tamil Nadu', 'https://www.panimalar.ac.in', 'Christian minority institution with great placements.', 2000, 'NAAC A'),
(116, 'Velammal Engineering College', 'Ambattur Red Hills Rd, Velammal Nagar, Surapet, Chennai, Tamil Nadu 600066', 'Chennai', 'Tamil Nadu', 'https://www.velammal.edu.in', 'Providing excellent engineering resources and teaching.', 1995, 'NAAC A'),
(117, 'Jeppiaar Engineering College', 'Old Mamallapuram Road, Rajiv Gandhi Salai, Semmencherry, Chennai, Tamil Nadu - 600119.', 'Chennai', 'Tamil Nadu', 'https://www.jeppiaarcollege.org', 'Well established college on OMR IT corridor.', 2001, 'NAAC A'),
(118, 'Vel Tech Rangarajan Dr. Sagunthala R&D Institute', 'No. 42, Avadi-Vel Tech Road, Vel Nagar, Avadi, Chennai - 600 062, Tamil Nadu, India', 'Chennai', 'Tamil Nadu', 'https://www.veltech.edu.in', 'Deemed university focusing on R&D.', 1997, 'NAAC A++'),
(119, 'B.S. Abdur Rahman Crescent Institute of Science and Technology', '120 Seethakathi Estate, GST Rd, Vandalur, Tamil Nadu 600048', 'Chennai', 'Tamil Nadu', 'https://www.crescent.education', 'Deemed university known for state-of-art facilities.', 1984, 'NAAC A+'),
(120, 'Dhaanish Ahmed College of Engineering', 'Dhaanish Nagar, Vanchuvancherry, Padappai, near Tambaram, Chennai - 601301, Tamil Nadu', 'Chennai', 'Tamil Nadu', 'https://www.dhaanishcollege.co.in', 'Providing modern technical skills.', 2002, 'NAAC B+'),
(121, 'Sree Sastha Institute of Engineering & Technology', 'Sree Sastha Nagar, Chennai - Bangalore Highway, Chembarambakkam, Chennai - 600123.', 'Chennai', 'Tamil Nadu', 'https://www.ssiet.in', 'Known for practical engineering teaching.', 1999, 'NAAC A'),
(122, 'SRM Institute of Science and Technology (SRMIST)', 'SRM Nagar, Kattankulathur, Chengalpattu District, Tamil Nadu, 603203', 'Chennai', 'Tamil Nadu', 'https://www.srmist.edu.in', 'One of the top ranking private universities in India.', 1985, 'NAAC A++'),
(123, 'VIT Chennai Campus', 'Vandalur Kelambakkam Road, Chennai, Tamil Nadu - 600 127', 'Chennai', 'Tamil Nadu', 'https://www.vit.ac.in', 'Chennai campus of Vellore Institute of Technology.', 2010, 'NAAC A++'),
(124, 'Sathyabama Institute of Science and Technology', 'Jeppiaar Nagar, Rajiv Gandhi Salai, Chennai - 600 119. Tamilnadu, INDIA.', 'Chennai', 'Tamil Nadu', 'https://www.sathyabama.ac.in', 'Deemed university offering diverse programs.', 1987, 'NAAC A'),
(125, 'Dr. M.G.R. Educational and Research Institute', 'E.V.R Periyar Salai (NH4 Highway), Maduravoyal, Chennai - 600095. Tamilnadu, India.', 'Chennai', 'Tamil Nadu', 'https://www.drmgrdu.ac.in', 'Deemed to be university offering comprehensive education.', 1988, 'NAAC A'),
(126, 'VELS Institute of Science, Technology and Advanced Studies', 'No.521/2, Anna Salai (Opp. G.R. Complex), Nandanam, Chennai - 600 035, Tamil Nadu, India', 'Chennai', 'Tamil Nadu', 'https://www.vistas.ac.in', 'Multidisciplinary deemed university.', 1992, 'NAAC A'),
(127, 'PSG College of Technology (PSGCT)', 'PSG College of Technology, Peelamedu, Coimbatore - 641 004', 'Coimbatore', 'Tamil Nadu', 'https://www.psgtech.edu', 'Top engineering college in South India with a strong alumni network.', 1951, 'NAAC A'),
(128, 'Government College of Technology', 'Thadagam Road, G.C.T Post, Coimbatore, Tamil Nadu, 641013', 'Coimbatore', 'Tamil Nadu', 'https://www.gct.ac.in', 'Premier government institute offering state-of-the-art facilities.', 1945, 'NAAC A'),
(129, 'Coimbatore Institute of Technology (CIT)', 'Civil Aerodrome Post, Coimbatore, Tamilnadu, India - 641 014', 'Coimbatore', 'Tamil Nadu', 'https://www.cit.edu.in', 'Autonomous engineering college with high academic standards.', 1956, 'NAAC A'),
(130, 'Kumaraguru College of Technology (KCT)', 'Kumaraguru Campus, Chinnavedampatti, Coimbatore 641049, Tamil Nadu, India.', 'Coimbatore', 'Tamil Nadu', 'https://www.kct.ac.in', 'Renowned for innovation and excellent placement record.', 1984, 'NAAC A++'),
(131, 'Amrita School of Engineering', 'Amrita Vishwa Vidyapeetham, Coimbatore Campus, Amritanagar, Coimbatore - 641 112, Tamilnadu, India', 'Coimbatore', 'Tamil Nadu', 'https://www.amrita.edu', 'Leading school with strong focus on research.', 1994, 'NAAC A++'),
(132, 'Karunya Institute of Technology and Sciences', 'Karunya Nagar, Coimbatore - 641 114, Tamil Nadu, India', 'Coimbatore', 'Tamil Nadu', 'https://www.karunya.edu', 'Deemed university emphasizing human values.', 1986, 'NAAC A'),
(133, 'Sri Krishna College of Engineering and Technology', 'Kuniamuthur, Coimbatore, Tamil Nadu - 641008', 'Coimbatore', 'Tamil Nadu', 'https://www.skcet.ac.in', 'Known for continuous excellence in technical education.', 1998, 'NAAC A'),
(134, 'Sri Ramakrishna Engineering College (SREC)', 'Vattamalaipalayam, N.G.G.O Colony P.O, Coimbatore - 641 022', 'Coimbatore', 'Tamil Nadu', 'https://www.srec.ac.in', 'Autonomous institution with robust infrastructure.', 1994, 'NAAC A'),
(135, 'Sri Ramakrishna Institute of Technology (Autonomous)', 'SF No. 162, Athipalayam, Thudiyalur to Kovil Palayam Road, Coimbatore - 641110, Tamil Nadu.', 'Coimbatore', 'Tamil Nadu', 'https://www.srit.org', 'Focused on quality engineering programs.', 2002, 'NAAC A'),
(136, 'Sri Ranganathar Institute of Engineering and Technology', 'Pachapalayam (Post), Perur Chettipalayam, Coimbatore - 641 010, Tamil Nadu, India.', 'Coimbatore', 'Tamil Nadu', 'https://www.srit.org.in', 'Promoting rural talent through technical education.', 2011, 'NAAC B'),
(137, 'Sri Sai Ranganathan Engineering College', 'REC Kalvi Nagar, Viraliyur Post, Thondamuthur (via), Coimbatore - 641109, Tamil Nadu.', 'Coimbatore', 'Tamil Nadu', 'https://www.srec.ac.in', 'Offering diverse disciplines in engineering.', 2007, 'NAAC B'),
(138, 'Sri Shakthi Institute of Engineering and Technology (Autonomous)', 'L&T Bypass Road, Venkitapuram Post, Neelambur, Coimbatore - 641062', 'Coimbatore', 'Tamil Nadu', 'https://www.siet.ac.in', 'Pioneering in industry-oriented curriculum.', 2006, 'NAAC A'),
(139, 'Sriguru Institute of Technology', 'Varathaiyangar Palayam, Kondayampalayam (P.O), Near Saravanampatti, Coimbatore - 641110.', 'Coimbatore', 'Tamil Nadu', 'https://www.sriguru.ac.in', 'Nurturing holistic professional development.', 2009, 'NAAC B+'),
(140, 'Suguna College of Engineering', 'Nehru Nagar, Kalapatti Road, Civil Aerodrome Post, Coimbatore - 641014.', 'Coimbatore', 'Tamil Nadu', 'https://www.sugunace.com', 'Providing accessible technical education.', 2012, 'NAAC B'),
(141, 'Tamilnadu College of Engineering', 'Palanisame Ravi Nagar, Karumathampatti, Coimbatore - 641659, Tamil Nadu', 'Coimbatore', 'Tamil Nadu', 'https://www.tnce.in', 'Established institution with sprawling campus.', 1984, 'NAAC B+'),
(142, 'VSB College of Engineering Technical Campus', 'NH-209, Coimbatore-Pollachi Main Road, Arasampalayam, Coimbatore - 64210', 'Coimbatore', 'Tamil Nadu', 'https://www.vsbcetc.com', 'Emphasis on placement and technical skills.', 2012, 'NAAC A'),
(143, 'Aishwarya College of Engineering and Technology', 'Errattaikaradu, Paruvachi (Post), Anthiyur, Bhavani (Taluk), Erode District - 638312', 'Erode', 'Tamil Nadu', 'https://www.aishwaryaengg.edu.in', 'Providing quality education with a strong emphasis on placements.', 2011, 'NAAC B+'),
(144, 'Al-Ameen Engineering College', 'Karundevanpalayam, Erode-Modakurichi Main Road, Nanjaluthukuli (PO), Erode - 638104', 'Erode', 'Tamil Nadu', 'https://www.alameenengg.ac.in', 'Minority institution focusing on rural students.', 1984, 'NAAC B'),
(145, 'Bannari Amman Institute of Technology (Autonomous)', 'Sathy-Bhavani State Highway, Alathukombai (Post), Sathyamangalam, Erode District - 638401', 'Erode', 'Tamil Nadu', 'https://www.bitsathy.ac.in', 'Autonomous institute known for its sprawling campus and tech clubs.', 1996, 'NAAC A++'),
(146, 'Erode Sengunthar Engineering College (Autonomous)', 'Erode-Perundurai Road, Thudupathi Post, Perundurai, Erode - 638057', 'Erode', 'Tamil Nadu', 'https://www.esec.ac.in', 'Premier technical college offering diverse programs.', 1996, 'NAAC A'),
(147, 'Institute of Road and Transport Technology', 'Spanning a 350-acre campus. It is located approximately 15 km from Erode Railway Station', 'Erode', 'Tamil Nadu', 'https://www.irttech.ac.in', 'Run by transport corporation, renowned for automobile engineering.', 1984, 'NAAC A'),
(148, 'JKK Muniraja College of Technology', 'T.N. Palayam (Post), Thookkanaickenpalayam, Gobi Taluk, Erode District - 638506', 'Erode', 'Tamil Nadu', 'https://www.jkkmct.edu.in', 'Dedicated to producing technically skilled professionals.', 2008, 'NAAC B'),
(149, 'Kongu Engineering College (Autonomous)', 'Perundurai Railway Station Road, Thoppupalayam, Perundurai, Erode - 638060', 'Erode', 'Tamil Nadu', 'https://www.kongu.ac.in', 'Top autonomous engineering college in Erode.', 1984, 'NAAC A++'),
(150, 'MP Nachimuthu M Jagannathan Engineering College', 'Sudhanandhen Kalvi Nagar, Chennimalai, Erode District - 638112', 'Erode', 'Tamil Nadu', 'https://www.mpnmjec.ac.in', 'Fostering excellence in technical education.', 2001, 'NAAC B+'),
(151, 'Nandha Engineering College (Autonomous)', 'Erode - Perundurai Main Road, Vaikkaalmedu, Pitchandampalayam (PO), Erode - 638052', 'Erode', 'Tamil Nadu', 'https://www.nandhaengg.org', 'Known for state-of-the-art infrastructure and faculty.', 2001, 'NAAC A'),
(152, 'Shree Venkateshwara Hi-Tech Engineering College', 'Othakuthirai, Gobi-Sathy Main Road, Gobichettipalayam, Erode District - 638455', 'Erode', 'Tamil Nadu', 'https://www.svhec.com', 'Empowering youth through holistic technical education.', 2008, 'NAAC A'),
(153, 'Surya Engineering College', 'Erode - Perundurai Road, Kathirampatti, Mettukadai, Erode District - 638107', 'Erode', 'Tamil Nadu', 'https://www.surya.ac.in', 'Driving innovation and academic excellence.', 2008, 'NAAC B+'),
(154, 'Velalar College of Engineering and Technology', 'Maruthi Nagar, Thindal Post, Erode - 638012', 'Erode', 'Tamil Nadu', 'https://www.velalarengg.ac.in', 'Committed to rural upliftment through technical education.', 2001, 'NAAC A'),
(155, 'Annai Mathammal Sheela', 'Erumapatty, Namakkal - 637013', 'Namakkal', 'Tamil Nadu', 'https://www.amsheela.edu.in', 'Dedicated to producing technically skilled professionals.', 1996, 'NAAC B'),
(156, 'Excel College of Engg & Tech', 'NH-544, Pallakkapalayam, Komarapalayam - 637303', 'Namakkal', 'Tamil Nadu', 'https://www.excelcolleges.com', 'Providing dynamic engineering and tech education.', 2006, 'NAAC A'),
(157, 'Excel Engineering College (A)', 'NH-544, Pallakkapalayam, Komarapalayam - 637303', 'Namakkal', 'Tamil Nadu', 'https://www.excelengg.com', 'Autonomous institution focusing on research and development.', 2007, 'NAAC A+'),
(158, 'Gnanamani College of Engg', 'NH-7, Pachal, Namakkal - 637018', 'Namakkal', 'Tamil Nadu', 'https://www.gce.org.in', 'Renowned for disciplined technical coaching.', 2006, 'NAAC B+'),
(159, 'Gnanamani College of Tech', 'NH-7, Pachal, Namakkal - 637018', 'Namakkal', 'Tamil Nadu', 'https://www.gct.org.in', 'Focused on innovative technical solutions.', 2006, 'NAAC B+'),
(160, 'JKK Nataraja College of Engg', 'Natarajapuram, Komarapalayam - 638183', 'Namakkal', 'Tamil Nadu', 'https://www.jkkn.ac.in', 'Promoting holistic learning environments.', 2008, 'NAAC B'),
(161, 'KSR College of Engg (A)', 'K.S.R. Kalvi Nagar, Tiruchengode - 637215', 'Namakkal', 'Tamil Nadu', 'https://www.ksrce.ac.in', 'A leading technical institution in Namakkal district.', 2001, 'NAAC A'),
(162, 'KSR Inst. for Engg & Tech', 'K.S.R. Kalvi Nagar, Tiruchengode - 637215', 'Namakkal', 'Tamil Nadu', 'https://www.ksriet.ac.in', 'Specialized in bridging the gap between industry and academia.', 2011, 'NAAC A'),
(163, 'KS Rangasamy Coll of Tech', 'K.S.R. Kalvi Nagar, Tiruchengode - 637215', 'Namakkal', 'Tamil Nadu', 'https://www.ksrct.ac.in', 'Known for comprehensive curriculum and excellent facilities.', 1994, 'NAAC A++'),
(164, 'Mahendra Engg College (A)', 'Mahendhirapuri, Mallasamudram - 637503', 'Namakkal', 'Tamil Nadu', 'https://www.mahendra.info', 'Known for holistic engineering education.', 1995, 'NAAC A'),
(165, 'Mahendra Inst of Engg & Tech', 'Mahendhirapuri, Mallasamudram - 637503', 'Namakkal', 'Tamil Nadu', 'https://www.miet.ac.in', 'Equipping students with modern engineering skills.', 2009, 'NAAC A'),
(166, 'Mahendra Inst of Technology', 'Mahendhirapuri, Mallasamudram - 637503', 'Namakkal', 'Tamil Nadu', 'https://www.mit.ac.in', 'Empowering youth through technology.', 2007, 'NAAC A'),
(167, 'Muthayammal College of Engg', 'Rasipuram, Namakkal - 637408', 'Namakkal', 'Tamil Nadu', 'https://www.mce.ac.in', 'Focused on shaping young minds.', 2011, 'NAAC B+'),
(168, 'Muthayammal Engg Coll (A)', 'Rasipuram, Namakkal - 637408', 'Namakkal', 'Tamil Nadu', 'https://www.mec.ac.in', 'Providing cutting edge engineering knowledge.', 2000, 'NAAC A'),
(169, 'PGP College of Engg & Tech', 'NH-7, Karur Main Road, Namakkal - 637207', 'Namakkal', 'Tamil Nadu', 'https://www.pgpcolleges.com', 'Fostering technical innovation in the region.', 1999, 'NAAC B'),
(170, 'Paavai College of Engg', 'NH-7, Pachal, Namakkal - 637018', 'Namakkal', 'Tamil Nadu', 'https://www.paavai.edu.in', 'Driving excellence in engineering disciplines.', 2006, 'NAAC A'),
(171, 'Paavai College of Technology', 'NH-7, Pachal, Namakkal - 637018', 'Namakkal', 'Tamil Nadu', 'https://www.pct.paavai.edu.in', 'Imparting practical knowledge and values.', 2009, 'NAAC B+'),
(172, 'Paavai Engg College (A)', 'NH-7, Pachal, Namakkal - 637018', 'Namakkal', 'Tamil Nadu', 'https://www.pec.paavai.edu.in', 'Autonomous institution delivering quality engineering education.', 2001, 'NAAC A+'),
(173, 'SSM College of Engineering', 'NH-544, Komarapalayam - 638183', 'Namakkal', 'Tamil Nadu', 'https://www.ssmce.ac.in', 'Focused on comprehensive student development.', 1998, 'NAAC A'),
(174, 'Selvam College of Technology', 'Salem Road (NH-7), Namakkal - 637003', 'Namakkal', 'Tamil Nadu', 'https://www.selvamtech.edu.in', 'Emerging center of engineering excellence.', 2006, 'NAAC A'),
(175, 'Sengunthar College of Engg', 'Kosavampalayam, Tiruchengode - 637205', 'Namakkal', 'Tamil Nadu', 'https://www.sengunthar.org', 'Promoting knowledge for a better future.', 2001, 'NAAC A'),
(176, 'Sengunthar Engg College (A)', 'Kosavampalayam, Tiruchengode - 637205', 'Namakkal', 'Tamil Nadu', 'https://www.sectgc.ac.in', 'Autonomous institution dedicated to learning.', 2001, 'NAAC A'),
(177, 'SRG Engineering College', 'SH-95, Aniyapuram, Namakkal - 637017', 'Namakkal', 'Tamil Nadu', 'https://www.srg.ac.in', 'Offering technical education to rural youth.', 2009, 'NAAC B'),
(178, 'Vidyaa Vikas Coll of Engg', 'Tiruchengode Road, Tiruchengode - 637214', 'Namakkal', 'Tamil Nadu', 'https://www.vvct.ac.in', 'Building strong foundational skills in tech.', 2007, 'NAAC B+'),
(179, 'Vivekanandha Coll (Women)', 'Elayampalayam, Tiruchengode - 637205', 'Namakkal', 'Tamil Nadu', 'https://www.vcew.ac.in', 'Premier women''s engineering college in the district.', 2001, 'NAAC A'),
(180, 'Vivekanandha Tech (Women)', 'Elayampalayam, Tiruchengode - 637205', 'Namakkal', 'Tamil Nadu', 'https://www.vctw.ac.in', 'Empowering women through advanced technology education.', 2006, 'NAAC A'),
(181, 'AVS Engineering College', 'Military Road, Ammapet, Salem - 636003', 'Salem', 'Tamil Nadu', 'https://www.avsenggcollege.ac.in', 'Prominent engineering college in Salem with robust placement training.', 2001, 'NAAC A'),
(182, 'Annapoorana Engineering College', 'NH-47, Sankari Main Road, Periyaseeragapadi - 636308', 'Salem', 'Tamil Nadu', 'https://www.aecsalem.edu.in', 'Renowned for offering value based engineering education.', 2010, 'NAAC A'),
(183, 'AVS College of Technology', 'Chinnagoundapuram, Salem - 636106', 'Salem', 'Tamil Nadu', 'https://www.avstech.ac.in', 'A center for innovative learning in engineering.', 2013, 'NAAC B+'),
(184, 'Dhirajlal Gandhi College of Tech', 'Opposite Airport, Sikkanampatty, Salem - 636309', 'Salem', 'Tamil Nadu', 'https://www.dgct.ac.in', 'Committed to fostering industry ready professionals.', 2011, 'NAAC A'),
(185, 'Ganesh College of Engineering', 'Attur Main Road, Mettupatty, Salem - 636111', 'Salem', 'Tamil Nadu', 'https://www.ganeshenggcollege.org', 'Focused on practical approaches to engineering.', 2011, 'NAAC B'),
(186, 'GCE Salem (Autonomous)', 'NH-44, Karuppur, Salem - 636011', 'Salem', 'Tamil Nadu', 'https://www.gcesalem.edu.in', 'Govt Autonomous institution with rich heritage.', 1966, 'NAAC A'),
(187, 'Knowledge Institute of Tech', 'KIOT Campus, Kakapalayam, Salem - 637504', 'Salem', 'Tamil Nadu', 'https://www.kiot.ac.in', 'Premier institute known for cutting edge technology training.', 2009, 'NAAC A'),
(188, 'Mahendra College of Engineering', 'Minnampalli, Salem - 636106', 'Salem', 'Tamil Nadu', 'https://www.mahendraarts.org', 'Delivering holistic technical instruction.', 2005, 'NAAC A'),
(189, 'Narasu''s Sarathy Inst. of Tech', 'Poosaripatty, Kadayampatty, Salem - 636305', 'Salem', 'Tamil Nadu', 'https://www.nsit.edu.in', 'Prominent institution emphasizing experiential learning.', 2008, 'NAAC B+'),
(190, 'Salem College of Engg & Tech', 'NH-68, Mettupatty, Salem - 636111', 'Salem', 'Tamil Nadu', 'https://www.salemcollege.org', 'Developing innovative engineers for the future.', 2009, 'NAAC B+'),
(191, 'Shree Sathyam College of Engg', 'NH-47, Sankari Main Road, Kuppanur - 637301', 'Salem', 'Tamil Nadu', 'https://www.shreesathyam.edu.in', 'Offering dynamic programs in various disciplines.', 2011, 'NAAC B'),
(192, 'Sona College of Tech (Autonomous)', 'Sona Nagar, Junction Main Road, Salem - 636005', 'Salem', 'Tamil Nadu', 'https://www.sonatech.ac.in', 'Leading autonomous technical institution in Salem.', 1997, 'NAAC A++'),
(193, 'Sri Shanmugha College of Engg', 'Tiruchengode-Sankari Road, Pullipalayam - 637304', 'Salem', 'Tamil Nadu', 'https://www.shanmugha.edu.in', 'Pioneering skill based engineering education.', 2011, 'NAAC A'),
(194, 'Tagore Institute of Engg & Tech', 'Deviyakurichi, Attur, Salem - 636112', 'Salem', 'Tamil Nadu', 'https://www.tagoreiet.ac.in', 'Empowering rural students through modern tech education.', 2008, 'NAAC B+'),
(195, 'The Kavery College of Engineering', 'Mecheri, Salem - 636453', 'Salem', 'Tamil Nadu', 'https://www.tket.ac.in', 'Renowned for providing robust technical foundations.', 2006, 'NAAC B'),
(196, 'The Kavery Engineering College', 'Mecheri, Salem - 636 453, TamilNadu', 'Salem', 'Tamil Nadu', 'https://www.tkce.ac.in', 'Dedicated to producing high quality engineering professionals.', 2001, 'NAAC A'),
(197, 'VSA Group of Institutions', 'NH-47, Uthamasolapuram, Salem - 636010', 'Salem', 'Tamil Nadu', 'https://www.vsagroup.ac.in', 'Comprehensive institution offering varied engineering branches.', 2009, 'NAAC B')
ON CONFLICT (user_id) DO NOTHING;

-- 3. COURSES (MOCK DATA)
INSERT INTO courses (college_id, course_name, cutoff, seats, duration, department, fee_per_year) VALUES
(100, 'B.Tech Computer Science and Engineering', 199.50, 60, '4 Years', 'CSE', 200000),
(100, 'B.Tech Electrical Engineering', 198.00, 60, '4 Years', 'EEE', 200000),
(101, 'B.E. Computer Science', 198.50, 120, '4 Years', 'CSE', 50000),
(101, 'B.E. Electronics & Communication', 197.00, 120, '4 Years', 'ECE', 50000),
(127, 'B.E. Computer Science', 198.00, 120, '4 Years', 'CSE', 95000),
(127, 'B.E. Mechanical Engineering', 195.00, 120, '4 Years', 'MECH', 95000),
(130, 'B.E. Computer Science', 193.50, 120, '4 Years', 'CSE', 160000),
(145, 'B.Tech Artificial Intelligence', 194.50, 120, '4 Years', 'AI&DS', 150000),
(149, 'B.E. Computer Science', 192.50, 240, '4 Years', 'CSE', 140000),
(161, 'B.E. Computer Science', 180.00, 120, '4 Years', 'CSE', 90000),
(192, 'B.Tech Artificial Intelligence', 190.00, 60, '4 Years', 'AI&DS', 120000),
(193, 'B.E. Computer Science', 170.00, 120, '4 Years', 'CSE', 85000),
(193, 'B.Tech Artificial Intelligence', 175.00, 60, '4 Years', 'AI&DS', 90000),
(122, 'B.Tech Computer Science and Engineering', 190.00, 600, '4 Years', 'CSE', 350000),
(123, 'B.Tech Computer Science and Engineering', 195.00, 480, '4 Years', 'CSE', 250000);

-- 4. PLACEMENTS (MOCK DATA)
INSERT INTO placements (college_id, year, highest_package, average_package, placement_percent, top_recruiters) VALUES
(100, 2024, 60.50, 20.00, 98.00, 'Google, Microsoft, Amazon, Optiver, Apple'),
(101, 2024, 45.00, 12.50, 95.00, 'Amazon, Zoho, Microsoft, TCS, Infosys'),
(127, 2024, 55.00, 12.00, 97.00, 'Google, Microsoft, Amazon, Zoho, DE Shaw'),
(130, 2024, 30.00, 8.00, 90.00, 'Zoho, TCS, Amazon, Wipro'),
(145, 2024, 32.00, 7.50, 94.00, 'Zoho, TCS, Infosys, Wipro'),
(149, 2024, 28.00, 7.00, 92.00, 'TCS, Infosys, Wipro, HCL'),
(161, 2024, 18.00, 5.00, 85.00, 'TCS, Wipro, Infosys, Tech Mahindra'),
(192, 2024, 24.00, 6.50, 91.00, 'TCS, Infosys, Zoho, Capgemini'),
(193, 2024, 15.00, 4.50, 85.00, 'TCS, Infosys, Zoho, Wipro'),
(122, 2024, 50.00, 9.50, 95.00, 'Amazon, Microsoft, TCS, Infosys, Wipro, Cognizant'),
(123, 2024, 45.00, 9.00, 96.00, 'Amazon, Microsoft, TCS, Infosys, Cognizant');

-- 5. EVENTS (MOCK DATA)
INSERT INTO events (college_id, name, description, event_date, location, max_participants) VALUES
(100, 'Shaastra 2025', 'Annual technical festival of IIT Madras featuring competitions, lectures, and workshops.', '2025-01-15', 'IIT Madras Campus', 5000),
(101, 'Kurukshetra 2025', 'International techno-management fest of CEG.', '2025-02-20', 'CEG Campus', 4000),
(127, 'Kriya 2025', 'The global techno-management fest of PSG College of Technology.', '2025-02-28', 'PSG Tech Campus', 3500),
(130, 'Yugam 2025', 'Annual techno-cultural fest at Kumaraguru.', '2025-03-05', 'KCT Campus', 4000),
(145, 'BITFest 2025', 'National level technical symposium.', '2025-04-12', 'BIT Sathy Campus', 2000),
(193, 'Shanmugha Tech Fest 2025', 'A technical extravaganza featuring coding, robotics and presentations.', '2025-03-25', 'Sri Shanmugha Campus', 1500),
(122, 'Aaruush 2025', 'National Level Techno-Management Fest.', '2025-09-15', 'SRM Kattankulathur', 8000),
(123, 'Vibrance 2025', 'Annual cultural and sports festival at VIT Chennai.', '2025-02-14', 'VIT Chennai Campus', 5000);
