-- ============================================================
-- Auto-generated Seed Data for Colleges, Courses, Placements, and Events
-- ============================================================

-- 1. USERS
INSERT INTO users (id, role, name, email, password_hash, phone) VALUES
(100, 'college', 'IIT Madras (Indian Institute of Technology)', 'deanadmn@iitm.ac.in', '$2b$10$N9qo8uLOickgx2ZMRZoMyeIjZAgcfl7p92ldGxad68LPVImSgoeVW', '04466640776'),
(101, 'college', 'College of Engineering, Guindy (CEG)', 'cegdeanoffice@gmail.com', '$2b$10$N9qo8uLOickgx2ZMRZoMyeIjZAgcfl7p92ldGxad68LPVImSgoeVW', '04458940538'),
(102, 'college', 'Madras Institute of Technology (MIT)', 'dean@mitindia.edu', '$2b$10$N9qo8uLOickgx2ZMRZoMyeIjZAgcfl7p92ldGxad68LPVImSgoeVW', '04453352708'),
(103, 'college', 'IIITDM Kancheepuram', 'office@iiitdm.ac.in', '$2b$10$N9qo8uLOickgx2ZMRZoMyeIjZAgcfl7p92ldGxad68LPVImSgoeVW', '04413943233'),
(104, 'college', 'SSN College of Engineering', 'info@ssn.edu.in', '$2b$10$N9qo8uLOickgx2ZMRZoMyeIjZAgcfl7p92ldGxad68LPVImSgoeVW', '04493806904'),
(105, 'college', 'Chennai Institute of Technology (CIT)', 'info@citchennai.net', '$2b$10$N9qo8uLOickgx2ZMRZoMyeIjZAgcfl7p92ldGxad68LPVImSgoeVW', '04483475663'),
(106, 'college', 'SRM Easwari Engineering College', 'principal@eec.srmrmp.edu.in', '$2b$10$N9qo8uLOickgx2ZMRZoMyeIjZAgcfl7p92ldGxad68LPVImSgoeVW', '04423840178'),
(107, 'college', 'Sri Sairam Engineering College', 'sairam@sairam.edu.in', '$2b$10$N9qo8uLOickgx2ZMRZoMyeIjZAgcfl7p92ldGxad68LPVImSgoeVW', '04483233759'),
(108, 'college', 'Rajalakshmi Engineering College (REC)', 'cityoffice@rajalakshmi.edu.in', '$2b$10$N9qo8uLOickgx2ZMRZoMyeIjZAgcfl7p92ldGxad68LPVImSgoeVW', '04480285411'),
(109, 'college', 'St. Joseph''s College of Engineering', 'jprstjosephs@stjosephs.ac.in', '$2b$10$N9qo8uLOickgx2ZMRZoMyeIjZAgcfl7p92ldGxad68LPVImSgoeVW', '04448489715'),
(110, 'college', 'Saveetha Engineering College', 'admission@saveetha.ac.in', '$2b$10$N9qo8uLOickgx2ZMRZoMyeIjZAgcfl7p92ldGxad68LPVImSgoeVW', '04431437958'),
(111, 'college', 'KCG College of Technology', 'principal@kcgcollege.com', '$2b$10$N9qo8uLOickgx2ZMRZoMyeIjZAgcfl7p92ldGxad68LPVImSgoeVW', '04474019478'),
(112, 'college', 'Loyola-ICAM College of Engineering (LICET)', 'licet@licet.ac.in', '$2b$10$N9qo8uLOickgx2ZMRZoMyeIjZAgcfl7p92ldGxad68LPVImSgoeVW', '04436132727'),
(113, 'college', 'Meenakshi Sundararajan Engineering College', 'principal@msec.edu.in', '$2b$10$N9qo8uLOickgx2ZMRZoMyeIjZAgcfl7p92ldGxad68LPVImSgoeVW', '04475037606'),
(114, 'college', 'Sri Venkateswara College of Engineering (SVCE)', 'principal@svce.ac.in', '$2b$10$N9qo8uLOickgx2ZMRZoMyeIjZAgcfl7p92ldGxad68LPVImSgoeVW', '04488528730'),
(115, 'college', 'Panimalar Engineering College', 'info@panimalar.ac.in', '$2b$10$N9qo8uLOickgx2ZMRZoMyeIjZAgcfl7p92ldGxad68LPVImSgoeVW', '04431185217'),
(116, 'college', 'Velammal Engineering College', 'velammal@velammal.edu.in', '$2b$10$N9qo8uLOickgx2ZMRZoMyeIjZAgcfl7p92ldGxad68LPVImSgoeVW', '04459528206'),
(117, 'college', 'Jeppiaar Engineering College', 'dean@jeppiaarcollege.org', '$2b$10$N9qo8uLOickgx2ZMRZoMyeIjZAgcfl7p92ldGxad68LPVImSgoeVW', '04461216010'),
(118, 'college', 'Vel Tech Rangarajan Dr. Sagunthala R&D Institute', 'admission@veltech.edu.in', '$2b$10$N9qo8uLOickgx2ZMRZoMyeIjZAgcfl7p92ldGxad68LPVImSgoeVW', '04489617737'),
(119, 'college', 'B.S. Abdur Rahman Crescent Institute of Science and Technology', 'admissions@crescent.education', '$2b$10$N9qo8uLOickgx2ZMRZoMyeIjZAgcfl7p92ldGxad68LPVImSgoeVW', '04432852637'),
(120, 'college', 'Dhaanish Ahmed College of Engineering', 'info@dhaanishcollege.co.in', '$2b$10$N9qo8uLOickgx2ZMRZoMyeIjZAgcfl7p92ldGxad68LPVImSgoeVW', '04483086509'),
(121, 'college', 'Sree Sastha Institute of Engineering & Technology', 'headadmission@ssiet.in', '$2b$10$N9qo8uLOickgx2ZMRZoMyeIjZAgcfl7p92ldGxad68LPVImSgoeVW', '04439979263'),
(122, 'college', 'SRM Institute of Science and Technology (SRMIST)', 'infodesk@srmist.edu.in', '$2b$10$N9qo8uLOickgx2ZMRZoMyeIjZAgcfl7p92ldGxad68LPVImSgoeVW', '04442269525'),
(123, 'college', 'VIT Chennai Campus', 'admin.chennai@vit.ac.in', '$2b$10$N9qo8uLOickgx2ZMRZoMyeIjZAgcfl7p92ldGxad68LPVImSgoeVW', '04490611977'),
(124, 'college', 'Sathyabama Institute of Science and Technology', 'johnbruce@sathyabama.ac.in', '$2b$10$N9qo8uLOickgx2ZMRZoMyeIjZAgcfl7p92ldGxad68LPVImSgoeVW', '04465680675'),
(125, 'college', 'Dr. M.G.R. Educational and Research Institute', 'contact@drmgrdu.ac.in', '$2b$10$N9qo8uLOickgx2ZMRZoMyeIjZAgcfl7p92ldGxad68LPVImSgoeVW', '04494701344'),
(126, 'college', 'VELS Institute of Science, Technology and Advanced Studies', 'vels@vistas.ac.in', '$2b$10$N9qo8uLOickgx2ZMRZoMyeIjZAgcfl7p92ldGxad68LPVImSgoeVW', '04491476964'),
(127, 'college', 'PSG College of Technology (PSGCT)', 'principal@psgtech.ac.in', '$2b$10$N9qo8uLOickgx2ZMRZoMyeIjZAgcfl7p92ldGxad68LPVImSgoeVW', '04491863121'),
(128, 'college', 'Government College of Technology', 'principal@gct.ac.in', '$2b$10$N9qo8uLOickgx2ZMRZoMyeIjZAgcfl7p92ldGxad68LPVImSgoeVW', '04428663585'),
(129, 'college', 'Coimbatore Institute of Technology (CIT)', 'principal.citoffice@cit.edu.in', '$2b$10$N9qo8uLOickgx2ZMRZoMyeIjZAgcfl7p92ldGxad68LPVImSgoeVW', '04437866752'),
(130, 'college', 'Kumaraguru College of Technology (KCT)', 'info@kct.ac.in', '$2b$10$N9qo8uLOickgx2ZMRZoMyeIjZAgcfl7p92ldGxad68LPVImSgoeVW', '04480800959'),
(131, 'college', 'Amrita School of Engineering', 'univhq@amrita.edu', '$2b$10$N9qo8uLOickgx2ZMRZoMyeIjZAgcfl7p92ldGxad68LPVImSgoeVW', '04433074601'),
(132, 'college', 'Karunya Institute of Technology and Sciences', 'info@karunya.edu', '$2b$10$N9qo8uLOickgx2ZMRZoMyeIjZAgcfl7p92ldGxad68LPVImSgoeVW', '04462318730'),
(133, 'college', 'Sri Krishna College of Engineering and Technology', 'placement@skcet.ac.in', '$2b$10$N9qo8uLOickgx2ZMRZoMyeIjZAgcfl7p92ldGxad68LPVImSgoeVW', '04450688677'),
(134, 'college', 'Sri Ramakrishna Engineering College (SREC)', 'principal@srec.ac.in', '$2b$10$N9qo8uLOickgx2ZMRZoMyeIjZAgcfl7p92ldGxad68LPVImSgoeVW', '04448889890'),
(135, 'college', 'Sri Ramakrishna Institute of Technology (Autonomous)', 'sritech@sriindia.net', '$2b$10$N9qo8uLOickgx2ZMRZoMyeIjZAgcfl7p92ldGxad68LPVImSgoeVW', '04425851921'),
(136, 'college', 'Sri Ranganathar Institute of Engineering and Technology', 'principal@srit.org', '$2b$10$N9qo8uLOickgx2ZMRZoMyeIjZAgcfl7p92ldGxad68LPVImSgoeVW', '04443950180'),
(137, 'college', 'Sri Sai Ranganathan Engineering College', 'rec.cbe@gmail.com', '$2b$10$N9qo8uLOickgx2ZMRZoMyeIjZAgcfl7p92ldGxad68LPVImSgoeVW', '04494929967'),
(138, 'college', 'Sri Shakthi Institute of Engineering and Technology (Autonomous)', 'admissions@siet.ac.in', '$2b$10$N9qo8uLOickgx2ZMRZoMyeIjZAgcfl7p92ldGxad68LPVImSgoeVW', '04426265481'),
(139, 'college', 'Sriguru Institute of Technology', 'sriguru@sriguru.ac.in', '$2b$10$N9qo8uLOickgx2ZMRZoMyeIjZAgcfl7p92ldGxad68LPVImSgoeVW', '04467814376'),
(140, 'college', 'Suguna College of Engineering', 'sugucoe@gmail.com', '$2b$10$N9qo8uLOickgx2ZMRZoMyeIjZAgcfl7p92ldGxad68LPVImSgoeVW', '04410501278'),
(141, 'college', 'Tamilnadu College of Engineering', 'principal@tnce.in', '$2b$10$N9qo8uLOickgx2ZMRZoMyeIjZAgcfl7p92ldGxad68LPVImSgoeVW', '04482737360'),
(142, 'college', 'VSB College of Engineering Technical Campus', 'admission@vsbcetc.com', '$2b$10$N9qo8uLOickgx2ZMRZoMyeIjZAgcfl7p92ldGxad68LPVImSgoeVW', '04466651552'),
(143, 'college', 'Aishwarya College of Engineering and Technology', 'admissions@aishwaryaenggcollege.ac.in', '$2b$10$N9qo8uLOickgx2ZMRZoMyeIjZAgcfl7p92ldGxad68LPVImSgoeVW', '04412828468'),
(144, 'college', 'Al-Ameen Engineering College', 'alameenengg@yahoo.com', '$2b$10$N9qo8uLOickgx2ZMRZoMyeIjZAgcfl7p92ldGxad68LPVImSgoeVW', '04496387143'),
(145, 'college', 'Bannari Amman Institute of Technology (Autonomous)', 'stayahead@bitsathy.ac.in', '$2b$10$N9qo8uLOickgx2ZMRZoMyeIjZAgcfl7p92ldGxad68LPVImSgoeVW', '04439042730'),
(146, 'college', 'Erode Sengunthar Engineering College (Autonomous)', 'esec@esec.ac.in', '$2b$10$N9qo8uLOickgx2ZMRZoMyeIjZAgcfl7p92ldGxad68LPVImSgoeVW', '04416921372'),
(147, 'college', 'Institute of Road and Transport Technology', 'gceeprincipal@gmail.com', '$2b$10$N9qo8uLOickgx2ZMRZoMyeIjZAgcfl7p92ldGxad68LPVImSgoeVW', '04493378319'),
(148, 'college', 'JKK Muniraja College of Technology', 'principal@jkkmct.edu.in', '$2b$10$N9qo8uLOickgx2ZMRZoMyeIjZAgcfl7p92ldGxad68LPVImSgoeVW', '04490204777'),
(149, 'college', 'Kongu Engineering College (Autonomous)', 'principal@kongu.ac.in', '$2b$10$N9qo8uLOickgx2ZMRZoMyeIjZAgcfl7p92ldGxad68LPVImSgoeVW', '04487993304'),
(150, 'college', 'MP Nachimuthu M Jagannathan Engineering College', 'mpnmjec@mpnmjec.ac.in', '$2b$10$N9qo8uLOickgx2ZMRZoMyeIjZAgcfl7p92ldGxad68LPVImSgoeVW', '04410837742'),
(151, 'college', 'Nandha Engineering College (Autonomous)', 'principal@nandhaengg.org', '$2b$10$N9qo8uLOickgx2ZMRZoMyeIjZAgcfl7p92ldGxad68LPVImSgoeVW', '04454024229'),
(152, 'college', 'Shree Venkateshwara Hi-Tech Engineering College', 'principal@svhec.com', '$2b$10$N9qo8uLOickgx2ZMRZoMyeIjZAgcfl7p92ldGxad68LPVImSgoeVW', '04444904005'),
(153, 'college', 'Surya Engineering College', 'secerode@gmail.com', '$2b$10$N9qo8uLOickgx2ZMRZoMyeIjZAgcfl7p92ldGxad68LPVImSgoeVW', '04432774361'),
(154, 'college', 'Velalar College of Engineering and Technology', 'principal@velalarengg.ac.in', '$2b$10$N9qo8uLOickgx2ZMRZoMyeIjZAgcfl7p92ldGxad68LPVImSgoeVW', '04453080271'),
(155, 'college', 'Annai Mathammal Sheela', 'amsec.principal@gmail.com', '$2b$10$N9qo8uLOickgx2ZMRZoMyeIjZAgcfl7p92ldGxad68LPVImSgoeVW', '04437768217'),
(156, 'college', 'Excel College of Engg & Tech', 'admission@excelcolleges.com', '$2b$10$N9qo8uLOickgx2ZMRZoMyeIjZAgcfl7p92ldGxad68LPVImSgoeVW', '04434434317'),
(157, 'college', 'Excel Engineering College (A)', 'principal@excelengg.com', '$2b$10$N9qo8uLOickgx2ZMRZoMyeIjZAgcfl7p92ldGxad68LPVImSgoeVW', '04468497398'),
(158, 'college', 'Gnanamani College of Engg', 'info@gce.org.in', '$2b$10$N9qo8uLOickgx2ZMRZoMyeIjZAgcfl7p92ldGxad68LPVImSgoeVW', '04477248992'),
(159, 'college', 'Gnanamani College of Tech', 'gctinfo@gce.org.in', '$2b$10$N9qo8uLOickgx2ZMRZoMyeIjZAgcfl7p92ldGxad68LPVImSgoeVW', '04444314738'),
(160, 'college', 'JKK Nataraja College of Engg', 'principal@jkkn.ac.in', '$2b$10$N9qo8uLOickgx2ZMRZoMyeIjZAgcfl7p92ldGxad68LPVImSgoeVW', '04452747831'),
(161, 'college', 'KSR College of Engg (A)', 'info@ksrce.ac.in', '$2b$10$N9qo8uLOickgx2ZMRZoMyeIjZAgcfl7p92ldGxad68LPVImSgoeVW', '04450194494'),
(162, 'college', 'KSR Inst. for Engg & Tech', 'info@ksriet.ac.in', '$2b$10$N9qo8uLOickgx2ZMRZoMyeIjZAgcfl7p92ldGxad68LPVImSgoeVW', '04447014424'),
(163, 'college', 'KS Rangasamy Coll of Tech', 'principal@ksrct.ac.in', '$2b$10$N9qo8uLOickgx2ZMRZoMyeIjZAgcfl7p92ldGxad68LPVImSgoeVW', '04486617287'),
(164, 'college', 'Mahendra Engg College (A)', 'info@mahendra.info', '$2b$10$N9qo8uLOickgx2ZMRZoMyeIjZAgcfl7p92ldGxad68LPVImSgoeVW', '04461810346'),
(165, 'college', 'Mahendra Inst of Engg & Tech', 'miet@mahendra.info', '$2b$10$N9qo8uLOickgx2ZMRZoMyeIjZAgcfl7p92ldGxad68LPVImSgoeVW', '04419514759'),
(166, 'college', 'Mahendra Inst of Technology', 'mit@mahendra.info', '$2b$10$N9qo8uLOickgx2ZMRZoMyeIjZAgcfl7p92ldGxad68LPVImSgoeVW', '04434378617'),
(167, 'college', 'Muthayammal College of Engg', 'info@mce.ac.in', '$2b$10$N9qo8uLOickgx2ZMRZoMyeIjZAgcfl7p92ldGxad68LPVImSgoeVW', '04422251273'),
(168, 'college', 'Muthayammal Engg Coll (A)', 'met.principal@gmail.com', '$2b$10$N9qo8uLOickgx2ZMRZoMyeIjZAgcfl7p92ldGxad68LPVImSgoeVW', '04473818226'),
(169, 'college', 'PGP College of Engg & Tech', 'pgpcet@pgpcolleges.com', '$2b$10$N9qo8uLOickgx2ZMRZoMyeIjZAgcfl7p92ldGxad68LPVImSgoeVW', '04445127013'),
(170, 'college', 'Paavai College of Engg', 'pecprincipal@paavai.edu.in', '$2b$10$N9qo8uLOickgx2ZMRZoMyeIjZAgcfl7p92ldGxad68LPVImSgoeVW', '04436682578'),
(171, 'college', 'Paavai College of Technology', 'pctprincipal@paavai.edu.in', '$2b$10$N9qo8uLOickgx2ZMRZoMyeIjZAgcfl7p92ldGxad68LPVImSgoeVW', '04460451103'),
(172, 'college', 'Paavai Engg College (A)', 'pecprincipal72@paavai.edu.in', '$2b$10$N9qo8uLOickgx2ZMRZoMyeIjZAgcfl7p92ldGxad68LPVImSgoeVW', '04443289975'),
(173, 'college', 'SSM College of Engineering', 'ssmceadmission@gmail.com', '$2b$10$N9qo8uLOickgx2ZMRZoMyeIjZAgcfl7p92ldGxad68LPVImSgoeVW', '04428533816'),
(174, 'college', 'Selvam College of Technology', 'principal@selvamtech.edu.in', '$2b$10$N9qo8uLOickgx2ZMRZoMyeIjZAgcfl7p92ldGxad68LPVImSgoeVW', '04423169960'),
(175, 'college', 'Sengunthar College of Engg', 'info@sengunthar.org', '$2b$10$N9qo8uLOickgx2ZMRZoMyeIjZAgcfl7p92ldGxad68LPVImSgoeVW', '04435050280'),
(176, 'college', 'Sengunthar Engg College (A)', 'principal@sectgc.ac.in', '$2b$10$N9qo8uLOickgx2ZMRZoMyeIjZAgcfl7p92ldGxad68LPVImSgoeVW', '04420994508'),
(177, 'college', 'SRG Engineering College', 'srgprincipal@gmail.com', '$2b$10$N9qo8uLOickgx2ZMRZoMyeIjZAgcfl7p92ldGxad68LPVImSgoeVW', '04419934862'),
(178, 'college', 'Vidyaa Vikas Coll of Engg', 'principal@vvct.ac.in', '$2b$10$N9qo8uLOickgx2ZMRZoMyeIjZAgcfl7p92ldGxad68LPVImSgoeVW', '04424689130'),
(179, 'college', 'Vivekanandha Coll (Women)', 'principal@vcew.ac.in', '$2b$10$N9qo8uLOickgx2ZMRZoMyeIjZAgcfl7p92ldGxad68LPVImSgoeVW', '04413484964'),
(180, 'college', 'Vivekanandha Tech (Women)', 'principal@vctw.ac.in', '$2b$10$N9qo8uLOickgx2ZMRZoMyeIjZAgcfl7p92ldGxad68LPVImSgoeVW', '04491505216'),
(181, 'college', 'AVS Engineering College', 'principal@avsenggcollege.ac.in', '$2b$10$N9qo8uLOickgx2ZMRZoMyeIjZAgcfl7p92ldGxad68LPVImSgoeVW', '04483685584'),
(182, 'college', 'Annapoorana Engineering College', 'support@aecsalem.edu.in', '$2b$10$N9qo8uLOickgx2ZMRZoMyeIjZAgcfl7p92ldGxad68LPVImSgoeVW', '04495033190'),
(183, 'college', 'AVS College of Technology', 'info@avstech.ac.in', '$2b$10$N9qo8uLOickgx2ZMRZoMyeIjZAgcfl7p92ldGxad68LPVImSgoeVW', '04475835180'),
(184, 'college', 'Dhirajlal Gandhi College of Tech', 'info@dgct.ac.in', '$2b$10$N9qo8uLOickgx2ZMRZoMyeIjZAgcfl7p92ldGxad68LPVImSgoeVW', '04431691308'),
(185, 'college', 'Ganesh College of Engineering', 'principal@ganeshenggcollege.org', '$2b$10$N9qo8uLOickgx2ZMRZoMyeIjZAgcfl7p92ldGxad68LPVImSgoeVW', '04478401879'),
(186, 'college', 'GCE Salem (Autonomous)', 'principal86@ganeshenggcollege.org', '$2b$10$N9qo8uLOickgx2ZMRZoMyeIjZAgcfl7p92ldGxad68LPVImSgoeVW', '04479383256'),
(187, 'college', 'Knowledge Institute of Tech', 'klot@klot.ac.in', '$2b$10$N9qo8uLOickgx2ZMRZoMyeIjZAgcfl7p92ldGxad68LPVImSgoeVW', '04481861334'),
(188, 'college', 'Mahendra College of Engineering', 'info@mahendraarts.org', '$2b$10$N9qo8uLOickgx2ZMRZoMyeIjZAgcfl7p92ldGxad68LPVImSgoeVW', '04482994073'),
(189, 'college', 'Narasu''s Sarathy Inst. of Tech', 'admin@nsit.edu.in', '$2b$10$N9qo8uLOickgx2ZMRZoMyeIjZAgcfl7p92ldGxad68LPVImSgoeVW', '04412354550'),
(190, 'college', 'Salem College of Engg & Tech', 'info@salemcollege.org', '$2b$10$N9qo8uLOickgx2ZMRZoMyeIjZAgcfl7p92ldGxad68LPVImSgoeVW', '04467715660'),
(191, 'college', 'Shree Sathyam College of Engg', 'info@shreesathyam.edu.in', '$2b$10$N9qo8uLOickgx2ZMRZoMyeIjZAgcfl7p92ldGxad68LPVImSgoeVW', '04496030387'),
(192, 'college', 'Sona College of Tech (Autonomous)', 'info@sonatech.ac.in', '$2b$10$N9qo8uLOickgx2ZMRZoMyeIjZAgcfl7p92ldGxad68LPVImSgoeVW', '04420758504'),
(193, 'college', 'Sri Shanmugha College of Engg', 'info@shanmugha.edu.in', '$2b$10$N9qo8uLOickgx2ZMRZoMyeIjZAgcfl7p92ldGxad68LPVImSgoeVW', '04420516179'),
(194, 'college', 'Tagore Institute of Engg & Tech', 'principaltiet@tagoreiet.ac', '$2b$10$N9qo8uLOickgx2ZMRZoMyeIjZAgcfl7p92ldGxad68LPVImSgoeVW', '04473609484'),
(195, 'college', 'The Kavery College of Engineering', 'tketoffice@gmail.com', '$2b$10$N9qo8uLOickgx2ZMRZoMyeIjZAgcfl7p92ldGxad68LPVImSgoeVW', '04488974214'),
(196, 'college', 'The Kavery Engineering College', 'tkce_education@rediffmail.com', '$2b$10$N9qo8uLOickgx2ZMRZoMyeIjZAgcfl7p92ldGxad68LPVImSgoeVW', '04426208218'),
(197, 'college', 'VSA Group of Institutions', 'dsvakoia@gmail.com', '$2b$10$N9qo8uLOickgx2ZMRZoMyeIjZAgcfl7p92ldGxad68LPVImSgoeVW', '04496225136')
ON CONFLICT (email) DO NOTHING;

-- 2. COLLEGES
INSERT INTO colleges (user_id, college_name, address, city, state, website, description, established, accreditation) VALUES
(100, 'IIT Madras (Indian Institute of Technology)', 'Indian Institute of Technology Madras, IIT P.O., Chennai 600 036, INDIA', 'Chennai', 'Tamil Nadu', 'https://www.iit.edu.in', 'One of the top institutions in Chennai, offering quality engineering education with excellent infrastructure.', 1986, 'NAAC A++'),
(101, 'College of Engineering, Guindy (CEG)', 'CEG Campus, Guindy Anna University, Chennai, Tamil Nadu 600025', 'Chennai', 'Tamil Nadu', 'https://www.college.edu.in', 'One of the top institutions in Chennai, offering quality engineering education with excellent infrastructure.', 2011, 'NAAC A+'),
(102, 'Madras Institute of Technology (MIT)', 'Anna University, MIT Campus Chromepet, Chennai 600044', 'Chennai', 'Tamil Nadu', 'https://www.madras.edu.in', 'One of the top institutions in Chennai, offering quality engineering education with excellent infrastructure.', 1959, 'NAAC A++'),
(103, 'IIITDM Kancheepuram', 'Melakkottaiyur, off Vandalur-Kelambakkam Road, Chennai - 600127, Tamil Nadu, India', 'Chennai', 'Tamil Nadu', 'https://www.iiitdm.edu.in', 'One of the top institutions in Chennai, offering quality engineering education with excellent infrastructure.', 1952, 'NAAC A'),
(104, 'SSN College of Engineering', 'Rajiv Gandhi Salai (OMR), Kalavakkam, Chennai - 603 110', 'Chennai', 'Tamil Nadu', 'https://www.ssn.edu.in', 'One of the top institutions in Chennai, offering quality engineering education with excellent infrastructure.', 1985, 'NAAC A+'),
(105, 'Chennai Institute of Technology (CIT)', 'Sarathy Nagar, Kundrathur, Chennai-600069, TamilNadu, India.', 'Chennai', 'Tamil Nadu', 'https://www.chennai.edu.in', 'One of the top institutions in Chennai, offering quality engineering education with excellent infrastructure.', 2005, 'NAAC A'),
(106, 'SRM Easwari Engineering College', '162, Bharathi Salai, Ramapuram, Chennai, Tamil Nadu 600089, India', 'Chennai', 'Tamil Nadu', 'https://www.srm.edu.in', 'One of the top institutions in Chennai, offering quality engineering education with excellent infrastructure.', 1997, 'NAAC A+'),
(107, 'Sri Sairam Engineering College', 'No.31, Madley Road, T.Nagar, Chennai - 600 017, Tamilnadu, India.', 'Chennai', 'Tamil Nadu', 'https://www.sri.edu.in', 'One of the top institutions in Chennai, offering quality engineering education with excellent infrastructure.', 1997, 'NAAC A'),
(108, 'Rajalakshmi Engineering College (REC)', '# 69 New Avadi Road, Kilpauk, Chennai - 600 010.', 'Chennai', 'Tamil Nadu', 'https://www.rajalakshmi.edu.in', 'One of the top institutions in Chennai, offering quality engineering education with excellent infrastructure.', 1973, 'NAAC A+'),
(109, 'St. Joseph''s College of Engineering', 'St. Joseph''s College of Engineering, OMR, Chennai - 119', 'Chennai', 'Tamil Nadu', 'https://www.st.edu.in', 'One of the top institutions in Chennai, offering quality engineering education with excellent infrastructure.', 2011, 'NAAC A+'),
(110, 'Saveetha Engineering College', 'Saveetha Nagar, Thandalam, Chennai - 602105', 'Chennai', 'Tamil Nadu', 'https://www.saveetha.edu.in', 'One of the top institutions in Chennai, offering quality engineering education with excellent infrastructure.', 1997, 'NAAC A+'),
(111, 'KCG College of Technology', 'KCG Nagar, Rajiv Gandhi Salai, Karapakkam, Chennai - 600 097, Tamil Nadu, India.', 'Chennai', 'Tamil Nadu', 'https://www.kcg.edu.in', 'One of the top institutions in Chennai, offering quality engineering education with excellent infrastructure.', 1956, 'NAAC A'),
(112, 'Loyola-ICAM College of Engineering (LICET)', 'Loyola Campus Nungambakkam, Chennai - 600034.', 'Chennai', 'Tamil Nadu', 'https://www.loyolaicam.edu.in', 'One of the top institutions in Chennai, offering quality engineering education with excellent infrastructure.', 2000, 'NAAC A'),
(113, 'Meenakshi Sundararajan Engineering College', '363, Arcot Road, Kodambakkam, Chennai, Tamil Nadu 600024', 'Chennai', 'Tamil Nadu', 'https://www.meenakshi.edu.in', 'One of the top institutions in Chennai, offering quality engineering education with excellent infrastructure.', 1996, 'NAAC A++'),
(114, 'Sri Venkateswara College of Engineering (SVCE)', '1/3A River View Road, Sector 3, Kotturpuram, Chennai, Tamil Nadu 600085', 'Chennai', 'Tamil Nadu', 'https://www.sri.edu.in', 'One of the top institutions in Chennai, offering quality engineering education with excellent infrastructure.', 1978, 'NAAC A'),
(115, 'Panimalar Engineering College', 'Bangalore Trunk Road, Varadharajapuram, Poonamallee, Chennai - 600 123.', 'Chennai', 'Tamil Nadu', 'https://www.panimalar.edu.in', 'One of the top institutions in Chennai, offering quality engineering education with excellent infrastructure.', 1961, 'NAAC A+'),
(116, 'Velammal Engineering College', 'Ambattur Red Hills Rd, Velammal Nagar, Surapet, Chennai, Tamil Nadu 600066', 'Chennai', 'Tamil Nadu', 'https://www.velammal.edu.in', 'One of the top institutions in Chennai, offering quality engineering education with excellent infrastructure.', 1964, 'NAAC A'),
(117, 'Jeppiaar Engineering College', 'Old Mamallapuram Road, Rajiv Gandhi Salai, Semmencherry, Chennai, Tamil Nadu - 600119.', 'Chennai', 'Tamil Nadu', 'https://www.jeppiaar.edu.in', 'One of the top institutions in Chennai, offering quality engineering education with excellent infrastructure.', 2002, 'NAAC A++'),
(118, 'Vel Tech Rangarajan Dr. Sagunthala R&D Institute', 'No. 42, Avadi-Vel Tech Road, Vel Nagar, Avadi, Chennai - 600 062, Tamil Nadu, India', 'Chennai', 'Tamil Nadu', 'https://www.vel.edu.in', 'One of the top institutions in Chennai, offering quality engineering education with excellent infrastructure.', 1975, 'NAAC A'),
(119, 'B.S. Abdur Rahman Crescent Institute of Science and Technology', '120 Seethakathi Estate, GST Rd, Vandalur, Tamil Nadu 600048', 'Chennai', 'Tamil Nadu', 'https://www.bs.edu.in', 'One of the top institutions in Chennai, offering quality engineering education with excellent infrastructure.', 2002, 'NAAC A+'),
(120, 'Dhaanish Ahmed College of Engineering', 'Dhaanish Nagar, Vanchuvancherry, Padappai, near Tambaram, Chennai - 601301, Tamil Nadu', 'Chennai', 'Tamil Nadu', 'https://www.dhaanish.edu.in', 'One of the top institutions in Chennai, offering quality engineering education with excellent infrastructure.', 1975, 'NAAC A+'),
(121, 'Sree Sastha Institute of Engineering & Technology', 'Sree Sastha Nagar, Chennai - Bangalore Highway, Chembarambakkam, Chennai - 600123.', 'Chennai', 'Tamil Nadu', 'https://www.sree.edu.in', 'One of the top institutions in Chennai, offering quality engineering education with excellent infrastructure.', 1959, 'NAAC A'),
(122, 'SRM Institute of Science and Technology (SRMIST)', 'SRM Nagar, Kattankulathur, Chengalpattu District, Tamil Nadu, 603203', 'Chennai', 'Tamil Nadu', 'https://www.srm.edu.in', 'One of the top institutions in Chennai, offering quality engineering education with excellent infrastructure.', 1973, 'NAAC A++'),
(123, 'VIT Chennai Campus', 'Vandalur Kelambakkam Road, Chennai, Tamil Nadu - 600 127', 'Chennai', 'Tamil Nadu', 'https://www.vit.edu.in', 'One of the top institutions in Chennai, offering quality engineering education with excellent infrastructure.', 1952, 'NAAC A'),
(124, 'Sathyabama Institute of Science and Technology', 'Jeppiaar Nagar, Rajiv Gandhi Salai, Chennai - 600 119. Tamilnadu, INDIA.', 'Chennai', 'Tamil Nadu', 'https://www.sathyabama.edu.in', 'One of the top institutions in Chennai, offering quality engineering education with excellent infrastructure.', 2001, 'NAAC A'),
(125, 'Dr. M.G.R. Educational and Research Institute', 'E.V.R Periyar Salai (NH4 Highway), Maduravoyal, Chennai - 600095. Tamilnadu, India.', 'Chennai', 'Tamil Nadu', 'https://www.dr.edu.in', 'One of the top institutions in Chennai, offering quality engineering education with excellent infrastructure.', 2001, 'NAAC A'),
(126, 'VELS Institute of Science, Technology and Advanced Studies', 'No.521/2, Anna Salai (Opp. G.R. Complex), Nandanam, Chennai - 600 035, Tamil Nadu, India', 'Chennai', 'Tamil Nadu', 'https://www.vels.edu.in', 'One of the top institutions in Chennai, offering quality engineering education with excellent infrastructure.', 2008, 'NAAC A'),
(127, 'PSG College of Technology (PSGCT)', 'PSG College of Technology, Peelamedu, Coimbatore - 641 004', 'Coimbatore', 'Tamil Nadu', 'https://www.psg.edu.in', 'One of the top institutions in Coimbatore, offering quality engineering education with excellent infrastructure.', 1978, 'NAAC A++'),
(128, 'Government College of Technology', 'Thadagam Road, G.C.T Post, Coimbatore, Tamil Nadu, 641013', 'Coimbatore', 'Tamil Nadu', 'https://www.government.edu.in', 'One of the top institutions in Coimbatore, offering quality engineering education with excellent infrastructure.', 2014, 'NAAC A+'),
(129, 'Coimbatore Institute of Technology (CIT)', 'Civil Aerodrome Post, Coimbatore, Tamilnadu, India - 641 014', 'Coimbatore', 'Tamil Nadu', 'https://www.coimbatore.edu.in', 'One of the top institutions in Coimbatore, offering quality engineering education with excellent infrastructure.', 1984, 'NAAC A'),
(130, 'Kumaraguru College of Technology (KCT)', 'Kumaraguru Campus, Chinnavedampatti, Coimbatore 641049, Tamil Nadu, India.', 'Coimbatore', 'Tamil Nadu', 'https://www.kumaraguru.edu.in', 'One of the top institutions in Coimbatore, offering quality engineering education with excellent infrastructure.', 1951, 'NAAC A'),
(131, 'Amrita School of Engineering', 'Amrita Vishwa Vidyapeetham, Coimbatore Campus, Amritanagar, Coimbatore - 641 112, Tamilnadu, India', 'Coimbatore', 'Tamil Nadu', 'https://www.amrita.edu.in', 'One of the top institutions in Coimbatore, offering quality engineering education with excellent infrastructure.', 1972, 'NAAC A'),
(132, 'Karunya Institute of Technology and Sciences', 'Karunya Nagar, Coimbatore - 641 114, Tamil Nadu, India', 'Coimbatore', 'Tamil Nadu', 'https://www.karunya.edu.in', 'One of the top institutions in Coimbatore, offering quality engineering education with excellent infrastructure.', 2005, 'NAAC A+'),
(133, 'Sri Krishna College of Engineering and Technology', 'Kuniamuthur, Coimbatore, Tamil Nadu - 641008', 'Coimbatore', 'Tamil Nadu', 'https://www.sri.edu.in', 'One of the top institutions in Coimbatore, offering quality engineering education with excellent infrastructure.', 2003, 'NAAC A'),
(134, 'Sri Ramakrishna Engineering College (SREC)', 'Vattamalaipalayam, N.G.G.O Colony P.O, Coimbatore - 641 022', 'Coimbatore', 'Tamil Nadu', 'https://www.sri.edu.in', 'One of the top institutions in Coimbatore, offering quality engineering education with excellent infrastructure.', 2008, 'NAAC A+'),
(135, 'Sri Ramakrishna Institute of Technology (Autonomous)', 'SF No. 162, Athipalayam, Thudiyalur to Kovil Palayam Road, Coimbatore - 641110, Tamil Nadu.', 'Coimbatore', 'Tamil Nadu', 'https://www.sri.edu.in', 'One of the top institutions in Coimbatore, offering quality engineering education with excellent infrastructure.', 1957, 'NAAC A'),
(136, 'Sri Ranganathar Institute of Engineering and Technology', 'Pachapalayam (Post), Perur Chettipalayam, Coimbatore - 641 010, Tamil Nadu, India.', 'Coimbatore', 'Tamil Nadu', 'https://www.sri.edu.in', 'One of the top institutions in Coimbatore, offering quality engineering education with excellent infrastructure.', 1983, 'NAAC A+'),
(137, 'Sri Sai Ranganathan Engineering College', 'REC Kalvi Nagar, Viraliyur Post, Thondamuthur (via), Coimbatore - 641109, Tamil Nadu.', 'Coimbatore', 'Tamil Nadu', 'https://www.sri.edu.in', 'One of the top institutions in Coimbatore, offering quality engineering education with excellent infrastructure.', 1976, 'NAAC A++'),
(138, 'Sri Shakthi Institute of Engineering and Technology (Autonomous)', 'L&T Bypass Road, Venkitapuram Post, Neelambur, Coimbatore - 641062', 'Coimbatore', 'Tamil Nadu', 'https://www.sri.edu.in', 'One of the top institutions in Coimbatore, offering quality engineering education with excellent infrastructure.', 1974, 'NAAC A++'),
(139, 'Sriguru Institute of Technology', 'Varathaiyangar Palayam, Kondayampalayam (P.O), Near Saravanampatti, Coimbatore - 641110.', 'Coimbatore', 'Tamil Nadu', 'https://www.sriguru.edu.in', 'One of the top institutions in Coimbatore, offering quality engineering education with excellent infrastructure.', 1952, 'NAAC A++'),
(140, 'Suguna College of Engineering', 'Nehru Nagar, Kalapatti Road, Civil Aerodrome Post, Coimbatore - 641014.', 'Coimbatore', 'Tamil Nadu', 'https://www.suguna.edu.in', 'One of the top institutions in Coimbatore, offering quality engineering education with excellent infrastructure.', 1963, 'NAAC A++'),
(141, 'Tamilnadu College of Engineering', 'Palanisame Ravi Nagar, Karumathampatti, Coimbatore - 641659, Tamil Nadu', 'Coimbatore', 'Tamil Nadu', 'https://www.tamilnadu.edu.in', 'One of the top institutions in Coimbatore, offering quality engineering education with excellent infrastructure.', 1965, 'NAAC A++'),
(142, 'VSB College of Engineering Technical Campus', 'NH-209, Coimbatore-Pollachi Main Road, Arasampalayam, Coimbatore - 64210', 'Coimbatore', 'Tamil Nadu', 'https://www.vsb.edu.in', 'One of the top institutions in Coimbatore, offering quality engineering education with excellent infrastructure.', 1958, 'NAAC A'),
(143, 'Aishwarya College of Engineering and Technology', 'Errattaikaradu, Paruvachi (Post), Anthiyur, Bhavani (Taluk), Erode District - 638312', 'Erode', 'Tamil Nadu', 'https://www.aishwarya.edu.in', 'One of the top institutions in Erode, offering quality engineering education with excellent infrastructure.', 1971, 'NAAC A'),
(144, 'Al-Ameen Engineering College', 'Karundevanpalayam, Erode-Modakurichi Main Road, Nanjaluthukuli (PO), Erode - 638104', 'Erode', 'Tamil Nadu', 'https://www.alameen.edu.in', 'One of the top institutions in Erode, offering quality engineering education with excellent infrastructure.', 1951, 'NAAC A+'),
(145, 'Bannari Amman Institute of Technology (Autonomous)', 'Sathy-Bhavani State Highway, Alathukombai (Post), Sathyamangalam, Erode District - 638401', 'Erode', 'Tamil Nadu', 'https://www.bannari.edu.in', 'One of the top institutions in Erode, offering quality engineering education with excellent infrastructure.', 1997, 'NAAC A+'),
(146, 'Erode Sengunthar Engineering College (Autonomous)', 'Erode-Perundurai Road, Thudupathi Post, Perundurai, Erode - 638057', 'Erode', 'Tamil Nadu', 'https://www.erode.edu.in', 'One of the top institutions in Erode, offering quality engineering education with excellent infrastructure.', 1959, 'NAAC A+'),
(147, 'Institute of Road and Transport Technology', 'Spanning a 350-acre campus. It is located approximately 15 km from Erode Railway Station', 'Erode', 'Tamil Nadu', 'https://www.institute.edu.in', 'One of the top institutions in Erode, offering quality engineering education with excellent infrastructure.', 1959, 'NAAC A++'),
(148, 'JKK Muniraja College of Technology', 'T.N. Palayam (Post), Thookkanaickenpalayam, Gobi Taluk, Erode District - 638506', 'Erode', 'Tamil Nadu', 'https://www.jkk.edu.in', 'One of the top institutions in Erode, offering quality engineering education with excellent infrastructure.', 1961, 'NAAC A'),
(149, 'Kongu Engineering College (Autonomous)', 'Perundurai Railway Station Road, Thoppupalayam, Perundurai, Erode - 638060', 'Erode', 'Tamil Nadu', 'https://www.kongu.edu.in', 'One of the top institutions in Erode, offering quality engineering education with excellent infrastructure.', 2009, 'NAAC A++'),
(150, 'MP Nachimuthu M Jagannathan Engineering College', 'Sudhanandhen Kalvi Nagar, Chennimalai, Erode District - 638112', 'Erode', 'Tamil Nadu', 'https://www.mp.edu.in', 'One of the top institutions in Erode, offering quality engineering education with excellent infrastructure.', 1974, 'NAAC A++'),
(151, 'Nandha Engineering College (Autonomous)', 'Erode - Perundurai Main Road, Vaikkaalmedu, Pitchandampalayam (PO), Erode - 638052', 'Erode', 'Tamil Nadu', 'https://www.nandha.edu.in', 'One of the top institutions in Erode, offering quality engineering education with excellent infrastructure.', 2001, 'NAAC A'),
(152, 'Shree Venkateshwara Hi-Tech Engineering College', 'Othakuthirai, Gobi-Sathy Main Road, Gobichettipalayam, Erode District - 638455', 'Erode', 'Tamil Nadu', 'https://www.shree.edu.in', 'One of the top institutions in Erode, offering quality engineering education with excellent infrastructure.', 2013, 'NAAC A'),
(153, 'Surya Engineering College', 'Erode - Perundurai Road, Kathirampatti, Mettukadai, Erode District - 638107', 'Erode', 'Tamil Nadu', 'https://www.surya.edu.in', 'One of the top institutions in Erode, offering quality engineering education with excellent infrastructure.', 1994, 'NAAC A++'),
(154, 'Velalar College of Engineering and Technology', 'Maruthi Nagar, Thindal Post, Erode - 638012', 'Erode', 'Tamil Nadu', 'https://www.velalar.edu.in', 'One of the top institutions in Erode, offering quality engineering education with excellent infrastructure.', 1972, 'NAAC A+'),
(155, 'Annai Mathammal Sheela', 'Erumapatty, Namakkal - 637013', 'Namakkal', 'Tamil Nadu', 'https://www.annai.edu.in', 'One of the top institutions in Namakkal, offering quality engineering education with excellent infrastructure.', 1951, 'NAAC A+'),
(156, 'Excel College of Engg & Tech', 'NH-544, Pallakkapalayam, Komarapalayam - 637303', 'Namakkal', 'Tamil Nadu', 'https://www.excel.edu.in', 'One of the top institutions in Namakkal, offering quality engineering education with excellent infrastructure.', 1982, 'NAAC A'),
(157, 'Excel Engineering College (A)', 'NH-544, Pallakkapalayam, Komarapalayam - 637303', 'Namakkal', 'Tamil Nadu', 'https://www.excel.edu.in', 'One of the top institutions in Namakkal, offering quality engineering education with excellent infrastructure.', 1954, 'NAAC A++'),
(158, 'Gnanamani College of Engg', 'NH-7, Pachal, Namakkal - 637018', 'Namakkal', 'Tamil Nadu', 'https://www.gnanamani.edu.in', 'One of the top institutions in Namakkal, offering quality engineering education with excellent infrastructure.', 1970, 'NAAC A'),
(159, 'Gnanamani College of Tech', 'NH-7, Pachal, Namakkal - 637018', 'Namakkal', 'Tamil Nadu', 'https://www.gnanamani.edu.in', 'One of the top institutions in Namakkal, offering quality engineering education with excellent infrastructure.', 2012, 'NAAC A'),
(160, 'JKK Nataraja College of Engg', 'Natarajapuram, Komarapalayam - 638183', 'Namakkal', 'Tamil Nadu', 'https://www.jkk.edu.in', 'One of the top institutions in Namakkal, offering quality engineering education with excellent infrastructure.', 1957, 'NAAC A++'),
(161, 'KSR College of Engg (A)', 'K.S.R. Kalvi Nagar, Tiruchengode - 637215', 'Namakkal', 'Tamil Nadu', 'https://www.ksr.edu.in', 'One of the top institutions in Namakkal, offering quality engineering education with excellent infrastructure.', 2008, 'NAAC A+'),
(162, 'KSR Inst. for Engg & Tech', 'K.S.R. Kalvi Nagar, Tiruchengode - 637215', 'Namakkal', 'Tamil Nadu', 'https://www.ksr.edu.in', 'One of the top institutions in Namakkal, offering quality engineering education with excellent infrastructure.', 1960, 'NAAC A++'),
(163, 'KS Rangasamy Coll of Tech', 'K.S.R. Kalvi Nagar, Tiruchengode - 637215', 'Namakkal', 'Tamil Nadu', 'https://www.ks.edu.in', 'One of the top institutions in Namakkal, offering quality engineering education with excellent infrastructure.', 1970, 'NAAC A++'),
(164, 'Mahendra Engg College (A)', 'Mahendhirapuri, Mallasamudram - 637503', 'Namakkal', 'Tamil Nadu', 'https://www.mahendra.edu.in', 'One of the top institutions in Namakkal, offering quality engineering education with excellent infrastructure.', 1987, 'NAAC A+'),
(165, 'Mahendra Inst of Engg & Tech', 'Mahendhirapuri, Mallasamudram - 637503', 'Namakkal', 'Tamil Nadu', 'https://www.mahendra.edu.in', 'One of the top institutions in Namakkal, offering quality engineering education with excellent infrastructure.', 1980, 'NAAC A'),
(166, 'Mahendra Inst of Technology', 'Mahendhirapuri, Mallasamudram - 637503', 'Namakkal', 'Tamil Nadu', 'https://www.mahendra.edu.in', 'One of the top institutions in Namakkal, offering quality engineering education with excellent infrastructure.', 2006, 'NAAC A'),
(167, 'Muthayammal College of Engg', 'Rasipuram, Namakkal - 637408', 'Namakkal', 'Tamil Nadu', 'https://www.muthayammal.edu.in', 'One of the top institutions in Namakkal, offering quality engineering education with excellent infrastructure.', 1987, 'NAAC A+'),
(168, 'Muthayammal Engg Coll (A)', 'Rasipuram, Namakkal - 637408', 'Namakkal', 'Tamil Nadu', 'https://www.muthayammal.edu.in', 'One of the top institutions in Namakkal, offering quality engineering education with excellent infrastructure.', 1973, 'NAAC A'),
(169, 'PGP College of Engg & Tech', 'NH-7, Karur Main Road, Namakkal - 637207', 'Namakkal', 'Tamil Nadu', 'https://www.pgp.edu.in', 'One of the top institutions in Namakkal, offering quality engineering education with excellent infrastructure.', 1976, 'NAAC A'),
(170, 'Paavai College of Engg', 'NH-7, Pachal, Namakkal - 637018', 'Namakkal', 'Tamil Nadu', 'https://www.paavai.edu.in', 'One of the top institutions in Namakkal, offering quality engineering education with excellent infrastructure.', 1986, 'NAAC A+'),
(171, 'Paavai College of Technology', 'NH-7, Pachal, Namakkal - 637018', 'Namakkal', 'Tamil Nadu', 'https://www.paavai.edu.in', 'One of the top institutions in Namakkal, offering quality engineering education with excellent infrastructure.', 1969, 'NAAC A'),
(172, 'Paavai Engg College (A)', 'NH-7, Pachal, Namakkal - 637018', 'Namakkal', 'Tamil Nadu', 'https://www.paavai.edu.in', 'One of the top institutions in Namakkal, offering quality engineering education with excellent infrastructure.', 1954, 'NAAC A+'),
(173, 'SSM College of Engineering', 'NH-544, Komarapalayam - 638183', 'Namakkal', 'Tamil Nadu', 'https://www.ssm.edu.in', 'One of the top institutions in Namakkal, offering quality engineering education with excellent infrastructure.', 1976, 'NAAC A'),
(174, 'Selvam College of Technology', 'Salem Road (NH-7), Namakkal - 637003', 'Namakkal', 'Tamil Nadu', 'https://www.selvam.edu.in', 'One of the top institutions in Namakkal, offering quality engineering education with excellent infrastructure.', 1969, 'NAAC A'),
(175, 'Sengunthar College of Engg', 'Kosavampalayam, Tiruchengode - 637205', 'Namakkal', 'Tamil Nadu', 'https://www.sengunthar.edu.in', 'One of the top institutions in Namakkal, offering quality engineering education with excellent infrastructure.', 2010, 'NAAC A+'),
(176, 'Sengunthar Engg College (A)', 'Kosavampalayam, Tiruchengode - 637205', 'Namakkal', 'Tamil Nadu', 'https://www.sengunthar.edu.in', 'One of the top institutions in Namakkal, offering quality engineering education with excellent infrastructure.', 2000, 'NAAC A+'),
(177, 'SRG Engineering College', 'SH-95, Aniyapuram, Namakkal - 637017', 'Namakkal', 'Tamil Nadu', 'https://www.srg.edu.in', 'One of the top institutions in Namakkal, offering quality engineering education with excellent infrastructure.', 1955, 'NAAC A+'),
(178, 'Vidyaa Vikas Coll of Engg', 'Tiruchengode Road, Tiruchengode - 637214', 'Namakkal', 'Tamil Nadu', 'https://www.vidyaa.edu.in', 'One of the top institutions in Namakkal, offering quality engineering education with excellent infrastructure.', 1986, 'NAAC A'),
(179, 'Vivekanandha Coll (Women)', 'Elayampalayam, Tiruchengode - 637205', 'Namakkal', 'Tamil Nadu', 'https://www.vivekanandha.edu.in', 'One of the top institutions in Namakkal, offering quality engineering education with excellent infrastructure.', 1969, 'NAAC A+'),
(180, 'Vivekanandha Tech (Women)', 'Elayampalayam, Tiruchengode - 637205', 'Namakkal', 'Tamil Nadu', 'https://www.vivekanandha.edu.in', 'One of the top institutions in Namakkal, offering quality engineering education with excellent infrastructure.', 2014, 'NAAC A'),
(181, 'AVS Engineering College', 'Military Road, Ammapet, Salem - 636003', 'Salem', 'Tamil Nadu', 'https://www.avs.edu.in', 'One of the top institutions in Salem, offering quality engineering education with excellent infrastructure.', 1951, 'NAAC A++'),
(182, 'Annapoorana Engineering College', 'NH-47, Sankari Main Road, Periyaseeragapadi - 636308', 'Salem', 'Tamil Nadu', 'https://www.annapoorana.edu.in', 'One of the top institutions in Salem, offering quality engineering education with excellent infrastructure.', 1993, 'NAAC A+'),
(183, 'AVS College of Technology', 'Chinnagoundapuram, Salem - 636106', 'Salem', 'Tamil Nadu', 'https://www.avs.edu.in', 'One of the top institutions in Salem, offering quality engineering education with excellent infrastructure.', 1956, 'NAAC A+'),
(184, 'Dhirajlal Gandhi College of Tech', 'Opposite Airport, Sikkanampatty, Salem - 636309', 'Salem', 'Tamil Nadu', 'https://www.dhirajlal.edu.in', 'One of the top institutions in Salem, offering quality engineering education with excellent infrastructure.', 2001, 'NAAC A'),
(185, 'Ganesh College of Engineering', 'Attur Main Road, Mettupatty, Salem - 636111', 'Salem', 'Tamil Nadu', 'https://www.ganesh.edu.in', 'One of the top institutions in Salem, offering quality engineering education with excellent infrastructure.', 1961, 'NAAC A+'),
(186, 'GCE Salem (Autonomous)', 'NH-44, Karuppur, Salem - 636011', 'Salem', 'Tamil Nadu', 'https://www.gce.edu.in', 'One of the top institutions in Salem, offering quality engineering education with excellent infrastructure.', 1975, 'NAAC A++'),
(187, 'Knowledge Institute of Tech', 'KIOT Campus, Kakapalayam, Salem - 637504', 'Salem', 'Tamil Nadu', 'https://www.knowledge.edu.in', 'One of the top institutions in Salem, offering quality engineering education with excellent infrastructure.', 1998, 'NAAC A+'),
(188, 'Mahendra College of Engineering', 'Minnampalli, Salem - 636106', 'Salem', 'Tamil Nadu', 'https://www.mahendra.edu.in', 'One of the top institutions in Salem, offering quality engineering education with excellent infrastructure.', 2008, 'NAAC A++'),
(189, 'Narasu''s Sarathy Inst. of Tech', 'Poosaripatty, Kadayampatty, Salem - 636305', 'Salem', 'Tamil Nadu', 'https://www.narasus.edu.in', 'One of the top institutions in Salem, offering quality engineering education with excellent infrastructure.', 2004, 'NAAC A'),
(190, 'Salem College of Engg & Tech', 'NH-68, Mettupatty, Salem - 636111', 'Salem', 'Tamil Nadu', 'https://www.salem.edu.in', 'One of the top institutions in Salem, offering quality engineering education with excellent infrastructure.', 2007, 'NAAC A'),
(191, 'Shree Sathyam College of Engg', 'NH-47, Sankari Main Road, Kuppanur - 637301', 'Salem', 'Tamil Nadu', 'https://www.shree.edu.in', 'One of the top institutions in Salem, offering quality engineering education with excellent infrastructure.', 1951, 'NAAC A'),
(192, 'Sona College of Tech (Autonomous)', 'Sona Nagar, Junction Main Road, Salem - 636005', 'Salem', 'Tamil Nadu', 'https://www.sona.edu.in', 'One of the top institutions in Salem, offering quality engineering education with excellent infrastructure.', 1972, 'NAAC A++'),
(193, 'Sri Shanmugha College of Engg', 'Tiruchengode-Sankari Road, Pullipalayam - 637304', 'Salem', 'Tamil Nadu', 'https://www.sri.edu.in', 'One of the top institutions in Salem, offering quality engineering education with excellent infrastructure.', 1971, 'NAAC A'),
(194, 'Tagore Institute of Engg & Tech', 'Deviyakurichi, Attur, Salem - 636112', 'Salem', 'Tamil Nadu', 'https://www.tagore.edu.in', 'One of the top institutions in Salem, offering quality engineering education with excellent infrastructure.', 1966, 'NAAC A+'),
(195, 'The Kavery College of Engineering', 'Mecheri, Salem - 636453', 'Salem', 'Tamil Nadu', 'https://www.the.edu.in', 'One of the top institutions in Salem, offering quality engineering education with excellent infrastructure.', 1954, 'NAAC A+'),
(196, 'The Kavery Engineering College', 'Mecheri, Salem - 636 453, TamilNadu', 'Salem', 'Tamil Nadu', 'https://www.the.edu.in', 'One of the top institutions in Salem, offering quality engineering education with excellent infrastructure.', 2000, 'NAAC A++'),
(197, 'VSA Group of Institutions', 'NH-47, Uthamasolapuram, Salem - 636010', 'Salem', 'Tamil Nadu', 'https://www.vsa.edu.in', 'One of the top institutions in Salem, offering quality engineering education with excellent infrastructure.', 1984, 'NAAC A+')
ON CONFLICT (user_id) DO NOTHING;

-- 3. COURSES
INSERT INTO courses (college_id, course_name, cutoff, seats, duration, department, fee_per_year) VALUES
(100, 'B.E. Computer Science', 156.77, 120, '4 Years', 'CSE', 102000),
(100, 'B.E. Information Technology', 178.30, 60, '4 Years', 'IT', 75000),
(100, 'B.E. Mechanical Engineering', 193.62, 120, '4 Years', 'MECH', 82000),
(100, 'B.E. Civil Engineering', 160.66, 60, '4 Years', 'CIVIL', 75000),
(101, 'B.Tech Artificial Intelligence', 171.36, 120, '4 Years', 'AI&DS', 85000),
(101, 'B.E. Civil Engineering', 157.08, 120, '4 Years', 'CIVIL', 73000),
(101, 'B.E. Mechanical Engineering', 176.14, 60, '4 Years', 'MECH', 65000),
(102, 'B.E. Computer Science', 170.83, 120, '4 Years', 'CSE', 104000),
(102, 'B.E. Information Technology', 158.26, 60, '4 Years', 'IT', 93000),
(102, 'B.E. Electronics & Communication', 167.66, 60, '4 Years', 'ECE', 65000),
(102, 'B.Tech Artificial Intelligence', 180.87, 120, '4 Years', 'AI&DS', 96000),
(102, 'B.E. Mechanical Engineering', 157.90, 120, '4 Years', 'MECH', 72000),
(103, 'B.E. Mechanical Engineering', 197.98, 120, '4 Years', 'MECH', 58000),
(103, 'B.E. Computer Science', 169.66, 60, '4 Years', 'CSE', 87000),
(103, 'B.E. Electronics & Communication', 151.78, 120, '4 Years', 'ECE', 76000),
(103, 'B.Tech Artificial Intelligence', 152.85, 120, '4 Years', 'AI&DS', 87000),
(104, 'B.Tech Artificial Intelligence', 152.94, 120, '4 Years', 'AI&DS', 110000),
(104, 'B.E. Civil Engineering', 187.98, 60, '4 Years', 'CIVIL', 72000),
(104, 'B.E. Mechanical Engineering', 191.42, 120, '4 Years', 'MECH', 61000),
(105, 'B.E. Civil Engineering', 191.00, 60, '4 Years', 'CIVIL', 59000),
(105, 'B.Tech Artificial Intelligence', 183.09, 60, '4 Years', 'AI&DS', 107000),
(105, 'B.E. Mechanical Engineering', 178.23, 120, '4 Years', 'MECH', 72000),
(105, 'B.E. Electronics & Communication', 165.63, 120, '4 Years', 'ECE', 90000),
(105, 'B.E. Information Technology', 179.54, 120, '4 Years', 'IT', 80000),
(106, 'B.E. Information Technology', 197.90, 60, '4 Years', 'IT', 79000),
(106, 'B.E. Civil Engineering', 151.03, 120, '4 Years', 'CIVIL', 75000),
(106, 'B.E. Computer Science', 187.31, 120, '4 Years', 'CSE', 84000),
(106, 'B.E. Mechanical Engineering', 161.06, 120, '4 Years', 'MECH', 81000),
(106, 'B.E. Electronics & Communication', 158.06, 120, '4 Years', 'ECE', 94000),
(107, 'B.E. Electronics & Communication', 177.51, 120, '4 Years', 'ECE', 68000),
(107, 'B.E. Mechanical Engineering', 191.45, 60, '4 Years', 'MECH', 79000),
(107, 'B.Tech Artificial Intelligence', 180.16, 120, '4 Years', 'AI&DS', 89000),
(108, 'B.E. Computer Science', 152.99, 120, '4 Years', 'CSE', 76000),
(108, 'B.E. Information Technology', 159.93, 60, '4 Years', 'IT', 86000),
(108, 'B.E. Civil Engineering', 178.83, 60, '4 Years', 'CIVIL', 55000),
(109, 'B.Tech Artificial Intelligence', 170.87, 120, '4 Years', 'AI&DS', 100000),
(109, 'B.E. Computer Science', 171.81, 60, '4 Years', 'CSE', 76000),
(109, 'B.E. Information Technology', 183.81, 60, '4 Years', 'IT', 92000),
(109, 'B.E. Civil Engineering', 159.25, 120, '4 Years', 'CIVIL', 53000),
(110, 'B.E. Information Technology', 187.81, 120, '4 Years', 'IT', 99000),
(110, 'B.E. Civil Engineering', 175.94, 120, '4 Years', 'CIVIL', 65000),
(110, 'B.E. Computer Science', 168.64, 120, '4 Years', 'CSE', 104000),
(110, 'B.Tech Artificial Intelligence', 171.33, 120, '4 Years', 'AI&DS', 103000),
(111, 'B.E. Computer Science', 181.47, 120, '4 Years', 'CSE', 79000),
(111, 'B.Tech Artificial Intelligence', 156.50, 120, '4 Years', 'AI&DS', 85000),
(111, 'B.E. Civil Engineering', 182.78, 120, '4 Years', 'CIVIL', 56000),
(111, 'B.E. Information Technology', 178.15, 120, '4 Years', 'IT', 102000),
(112, 'B.E. Computer Science', 194.29, 120, '4 Years', 'CSE', 98000),
(112, 'B.E. Information Technology', 187.90, 60, '4 Years', 'IT', 90000),
(112, 'B.E. Electronics & Communication', 193.43, 120, '4 Years', 'ECE', 69000),
(113, 'B.Tech Artificial Intelligence', 175.65, 60, '4 Years', 'AI&DS', 101000),
(113, 'B.E. Information Technology', 186.85, 60, '4 Years', 'IT', 85000),
(113, 'B.E. Mechanical Engineering', 154.48, 60, '4 Years', 'MECH', 65000),
(113, 'B.E. Civil Engineering', 157.16, 120, '4 Years', 'CIVIL', 59000),
(114, 'B.E. Information Technology', 163.96, 120, '4 Years', 'IT', 84000),
(114, 'B.Tech Artificial Intelligence', 187.27, 120, '4 Years', 'AI&DS', 87000),
(114, 'B.E. Electronics & Communication', 191.83, 60, '4 Years', 'ECE', 72000),
(115, 'B.E. Information Technology', 180.68, 120, '4 Years', 'IT', 102000),
(115, 'B.E. Computer Science', 195.71, 60, '4 Years', 'CSE', 102000),
(115, 'B.E. Civil Engineering', 173.46, 60, '4 Years', 'CIVIL', 56000),
(115, 'B.Tech Artificial Intelligence', 160.33, 120, '4 Years', 'AI&DS', 106000),
(116, 'B.E. Mechanical Engineering', 153.91, 60, '4 Years', 'MECH', 78000),
(116, 'B.E. Computer Science', 152.18, 120, '4 Years', 'CSE', 93000),
(116, 'B.Tech Artificial Intelligence', 179.60, 120, '4 Years', 'AI&DS', 108000),
(117, 'B.E. Civil Engineering', 178.94, 120, '4 Years', 'CIVIL', 69000),
(117, 'B.E. Computer Science', 167.15, 120, '4 Years', 'CSE', 98000),
(117, 'B.E. Mechanical Engineering', 186.16, 120, '4 Years', 'MECH', 74000),
(117, 'B.E. Information Technology', 174.59, 120, '4 Years', 'IT', 75000),
(117, 'B.E. Electronics & Communication', 159.49, 60, '4 Years', 'ECE', 91000),
(118, 'B.E. Civil Engineering', 176.47, 120, '4 Years', 'CIVIL', 69000),
(118, 'B.E. Electronics & Communication', 154.76, 120, '4 Years', 'ECE', 86000),
(118, 'B.E. Mechanical Engineering', 153.15, 120, '4 Years', 'MECH', 76000),
(118, 'B.E. Computer Science', 189.27, 120, '4 Years', 'CSE', 95000),
(118, 'B.Tech Artificial Intelligence', 161.40, 60, '4 Years', 'AI&DS', 97000),
(119, 'B.E. Computer Science', 175.74, 120, '4 Years', 'CSE', 93000),
(119, 'B.E. Mechanical Engineering', 194.92, 60, '4 Years', 'MECH', 60000),
(119, 'B.E. Information Technology', 159.90, 60, '4 Years', 'IT', 93000),
(119, 'B.Tech Artificial Intelligence', 184.62, 60, '4 Years', 'AI&DS', 111000),
(119, 'B.E. Civil Engineering', 189.72, 120, '4 Years', 'CIVIL', 50000),
(120, 'B.E. Civil Engineering', 160.18, 60, '4 Years', 'CIVIL', 67000),
(120, 'B.E. Electronics & Communication', 155.87, 120, '4 Years', 'ECE', 76000),
(120, 'B.E. Computer Science', 187.47, 60, '4 Years', 'CSE', 100000),
(120, 'B.E. Information Technology', 181.28, 120, '4 Years', 'IT', 96000),
(121, 'B.E. Mechanical Engineering', 183.57, 120, '4 Years', 'MECH', 80000),
(121, 'B.E. Electronics & Communication', 183.07, 120, '4 Years', 'ECE', 65000),
(121, 'B.E. Civil Engineering', 156.11, 120, '4 Years', 'CIVIL', 71000),
(121, 'B.Tech Artificial Intelligence', 162.28, 60, '4 Years', 'AI&DS', 86000),
(121, 'B.E. Information Technology', 182.92, 120, '4 Years', 'IT', 101000),
(122, 'B.E. Mechanical Engineering', 197.16, 120, '4 Years', 'MECH', 79000),
(122, 'B.E. Electronics & Communication', 152.83, 60, '4 Years', 'ECE', 88000),
(122, 'B.Tech Artificial Intelligence', 182.35, 120, '4 Years', 'AI&DS', 101000),
(122, 'B.E. Information Technology', 184.93, 120, '4 Years', 'IT', 102000),
(122, 'B.E. Computer Science', 178.65, 120, '4 Years', 'CSE', 89000),
(123, 'B.E. Computer Science', 178.04, 120, '4 Years', 'CSE', 80000),
(123, 'B.Tech Artificial Intelligence', 185.34, 120, '4 Years', 'AI&DS', 110000),
(123, 'B.E. Information Technology', 182.58, 120, '4 Years', 'IT', 81000),
(123, 'B.E. Electronics & Communication', 195.37, 60, '4 Years', 'ECE', 86000),
(124, 'B.Tech Artificial Intelligence', 197.05, 60, '4 Years', 'AI&DS', 110000),
(124, 'B.E. Civil Engineering', 163.03, 120, '4 Years', 'CIVIL', 70000),
(124, 'B.E. Computer Science', 183.14, 60, '4 Years', 'CSE', 96000),
(125, 'B.E. Computer Science', 162.98, 120, '4 Years', 'CSE', 81000),
(125, 'B.E. Information Technology', 195.81, 120, '4 Years', 'IT', 88000),
(125, 'B.Tech Artificial Intelligence', 179.39, 60, '4 Years', 'AI&DS', 101000),
(126, 'B.Tech Artificial Intelligence', 176.06, 60, '4 Years', 'AI&DS', 105000),
(126, 'B.E. Computer Science', 194.93, 120, '4 Years', 'CSE', 100000),
(126, 'B.E. Civil Engineering', 169.99, 120, '4 Years', 'CIVIL', 59000),
(126, 'B.E. Mechanical Engineering', 162.20, 60, '4 Years', 'MECH', 61000),
(126, 'B.E. Information Technology', 151.96, 120, '4 Years', 'IT', 90000),
(127, 'B.E. Electronics & Communication', 189.01, 120, '4 Years', 'ECE', 70000),
(127, 'B.E. Mechanical Engineering', 187.20, 60, '4 Years', 'MECH', 63000),
(127, 'B.E. Information Technology', 164.59, 60, '4 Years', 'IT', 98000),
(127, 'B.E. Computer Science', 185.98, 60, '4 Years', 'CSE', 90000),
(127, 'B.E. Civil Engineering', 165.70, 120, '4 Years', 'CIVIL', 59000),
(128, 'B.E. Computer Science', 184.16, 120, '4 Years', 'CSE', 76000),
(128, 'B.Tech Artificial Intelligence', 194.73, 120, '4 Years', 'AI&DS', 113000),
(128, 'B.E. Mechanical Engineering', 182.14, 120, '4 Years', 'MECH', 73000),
(128, 'B.E. Civil Engineering', 159.40, 60, '4 Years', 'CIVIL', 52000),
(129, 'B.E. Electronics & Communication', 181.77, 120, '4 Years', 'ECE', 73000),
(129, 'B.E. Information Technology', 179.02, 120, '4 Years', 'IT', 79000),
(129, 'B.E. Mechanical Engineering', 181.86, 120, '4 Years', 'MECH', 66000),
(129, 'B.E. Civil Engineering', 197.91, 120, '4 Years', 'CIVIL', 69000),
(130, 'B.E. Computer Science', 173.69, 60, '4 Years', 'CSE', 95000),
(130, 'B.E. Civil Engineering', 190.89, 60, '4 Years', 'CIVIL', 66000),
(130, 'B.E. Mechanical Engineering', 153.02, 120, '4 Years', 'MECH', 76000),
(130, 'B.E. Information Technology', 156.26, 120, '4 Years', 'IT', 77000),
(130, 'B.E. Electronics & Communication', 172.55, 60, '4 Years', 'ECE', 93000),
(131, 'B.E. Electronics & Communication', 175.39, 120, '4 Years', 'ECE', 67000),
(131, 'B.Tech Artificial Intelligence', 165.68, 60, '4 Years', 'AI&DS', 91000),
(131, 'B.E. Computer Science', 180.36, 120, '4 Years', 'CSE', 77000),
(131, 'B.E. Information Technology', 178.61, 120, '4 Years', 'IT', 90000),
(131, 'B.E. Civil Engineering', 150.75, 120, '4 Years', 'CIVIL', 51000),
(132, 'B.Tech Artificial Intelligence', 193.81, 120, '4 Years', 'AI&DS', 85000),
(132, 'B.E. Computer Science', 180.85, 60, '4 Years', 'CSE', 98000),
(132, 'B.E. Mechanical Engineering', 162.46, 120, '4 Years', 'MECH', 75000),
(133, 'B.E. Information Technology', 160.53, 60, '4 Years', 'IT', 97000),
(133, 'B.E. Electronics & Communication', 153.10, 60, '4 Years', 'ECE', 76000),
(133, 'B.Tech Artificial Intelligence', 177.80, 60, '4 Years', 'AI&DS', 92000),
(134, 'B.E. Civil Engineering', 159.73, 120, '4 Years', 'CIVIL', 71000),
(134, 'B.E. Mechanical Engineering', 170.31, 60, '4 Years', 'MECH', 78000),
(134, 'B.Tech Artificial Intelligence', 190.60, 60, '4 Years', 'AI&DS', 86000),
(135, 'B.E. Mechanical Engineering', 171.98, 60, '4 Years', 'MECH', 57000),
(135, 'B.E. Information Technology', 191.54, 120, '4 Years', 'IT', 91000),
(135, 'B.Tech Artificial Intelligence', 177.51, 120, '4 Years', 'AI&DS', 91000),
(136, 'B.E. Mechanical Engineering', 197.57, 60, '4 Years', 'MECH', 79000),
(136, 'B.E. Computer Science', 170.56, 120, '4 Years', 'CSE', 102000),
(136, 'B.E. Information Technology', 185.39, 60, '4 Years', 'IT', 80000),
(136, 'B.E. Electronics & Communication', 191.31, 120, '4 Years', 'ECE', 67000),
(136, 'B.Tech Artificial Intelligence', 174.42, 120, '4 Years', 'AI&DS', 93000),
(137, 'B.E. Civil Engineering', 185.71, 120, '4 Years', 'CIVIL', 76000),
(137, 'B.E. Computer Science', 175.32, 60, '4 Years', 'CSE', 94000),
(137, 'B.E. Electronics & Communication', 190.77, 60, '4 Years', 'ECE', 94000),
(137, 'B.E. Information Technology', 165.01, 60, '4 Years', 'IT', 104000),
(138, 'B.E. Electronics & Communication', 167.18, 60, '4 Years', 'ECE', 65000),
(138, 'B.E. Information Technology', 190.19, 120, '4 Years', 'IT', 84000),
(138, 'B.E. Civil Engineering', 164.91, 60, '4 Years', 'CIVIL', 73000),
(139, 'B.E. Mechanical Engineering', 154.78, 60, '4 Years', 'MECH', 70000),
(139, 'B.E. Computer Science', 179.45, 120, '4 Years', 'CSE', 75000),
(139, 'B.E. Electronics & Communication', 160.76, 120, '4 Years', 'ECE', 68000),
(139, 'B.Tech Artificial Intelligence', 166.64, 60, '4 Years', 'AI&DS', 106000),
(140, 'B.E. Electronics & Communication', 160.59, 120, '4 Years', 'ECE', 78000),
(140, 'B.E. Information Technology', 175.15, 120, '4 Years', 'IT', 75000),
(140, 'B.E. Mechanical Engineering', 169.08, 60, '4 Years', 'MECH', 72000),
(140, 'B.E. Computer Science', 171.02, 60, '4 Years', 'CSE', 76000),
(140, 'B.E. Civil Engineering', 159.69, 60, '4 Years', 'CIVIL', 60000),
(141, 'B.E. Computer Science', 182.35, 120, '4 Years', 'CSE', 103000),
(141, 'B.Tech Artificial Intelligence', 191.24, 120, '4 Years', 'AI&DS', 94000),
(141, 'B.E. Civil Engineering', 193.13, 120, '4 Years', 'CIVIL', 63000),
(141, 'B.E. Information Technology', 189.21, 120, '4 Years', 'IT', 85000),
(142, 'B.E. Computer Science', 179.48, 60, '4 Years', 'CSE', 81000),
(142, 'B.E. Information Technology', 181.23, 120, '4 Years', 'IT', 80000),
(142, 'B.E. Electronics & Communication', 190.78, 120, '4 Years', 'ECE', 80000),
(142, 'B.E. Mechanical Engineering', 193.30, 120, '4 Years', 'MECH', 80000),
(143, 'B.E. Electronics & Communication', 158.35, 60, '4 Years', 'ECE', 77000),
(143, 'B.E. Civil Engineering', 171.99, 60, '4 Years', 'CIVIL', 60000),
(143, 'B.E. Mechanical Engineering', 188.71, 60, '4 Years', 'MECH', 70000),
(143, 'B.Tech Artificial Intelligence', 164.97, 120, '4 Years', 'AI&DS', 97000),
(143, 'B.E. Computer Science', 183.34, 120, '4 Years', 'CSE', 94000),
(144, 'B.E. Mechanical Engineering', 197.38, 60, '4 Years', 'MECH', 58000),
(144, 'B.E. Computer Science', 172.88, 60, '4 Years', 'CSE', 99000),
(144, 'B.E. Electronics & Communication', 177.08, 120, '4 Years', 'ECE', 66000),
(144, 'B.E. Information Technology', 151.98, 60, '4 Years', 'IT', 90000),
(145, 'B.E. Civil Engineering', 156.70, 60, '4 Years', 'CIVIL', 52000),
(145, 'B.Tech Artificial Intelligence', 186.18, 120, '4 Years', 'AI&DS', 96000),
(145, 'B.E. Mechanical Engineering', 155.24, 60, '4 Years', 'MECH', 74000),
(146, 'B.E. Information Technology', 195.28, 120, '4 Years', 'IT', 91000),
(146, 'B.E. Computer Science', 194.36, 60, '4 Years', 'CSE', 92000),
(146, 'B.Tech Artificial Intelligence', 189.27, 60, '4 Years', 'AI&DS', 87000),
(146, 'B.E. Electronics & Communication', 151.72, 120, '4 Years', 'ECE', 94000),
(146, 'B.E. Civil Engineering', 155.49, 60, '4 Years', 'CIVIL', 72000),
(147, 'B.E. Computer Science', 173.22, 120, '4 Years', 'CSE', 81000),
(147, 'B.Tech Artificial Intelligence', 155.70, 60, '4 Years', 'AI&DS', 111000),
(147, 'B.E. Information Technology', 160.50, 60, '4 Years', 'IT', 79000),
(147, 'B.E. Civil Engineering', 169.61, 60, '4 Years', 'CIVIL', 70000),
(148, 'B.E. Computer Science', 177.19, 120, '4 Years', 'CSE', 76000),
(148, 'B.E. Civil Engineering', 159.07, 120, '4 Years', 'CIVIL', 63000),
(148, 'B.E. Electronics & Communication', 152.81, 120, '4 Years', 'ECE', 69000),
(148, 'B.Tech Artificial Intelligence', 155.29, 60, '4 Years', 'AI&DS', 92000),
(148, 'B.E. Mechanical Engineering', 196.03, 120, '4 Years', 'MECH', 58000),
(149, 'B.Tech Artificial Intelligence', 162.20, 120, '4 Years', 'AI&DS', 111000),
(149, 'B.E. Computer Science', 193.48, 120, '4 Years', 'CSE', 78000),
(149, 'B.E. Mechanical Engineering', 196.03, 60, '4 Years', 'MECH', 74000),
(149, 'B.E. Information Technology', 178.23, 60, '4 Years', 'IT', 102000),
(150, 'B.E. Civil Engineering', 155.91, 60, '4 Years', 'CIVIL', 65000),
(150, 'B.Tech Artificial Intelligence', 186.81, 120, '4 Years', 'AI&DS', 89000),
(150, 'B.E. Computer Science', 197.11, 120, '4 Years', 'CSE', 81000),
(151, 'B.E. Electronics & Communication', 151.13, 120, '4 Years', 'ECE', 81000),
(151, 'B.E. Computer Science', 152.14, 120, '4 Years', 'CSE', 86000),
(151, 'B.E. Civil Engineering', 154.03, 60, '4 Years', 'CIVIL', 64000),
(151, 'B.Tech Artificial Intelligence', 197.64, 60, '4 Years', 'AI&DS', 105000),
(151, 'B.E. Mechanical Engineering', 159.77, 60, '4 Years', 'MECH', 76000),
(152, 'B.E. Information Technology', 159.86, 120, '4 Years', 'IT', 104000),
(152, 'B.E. Computer Science', 156.09, 60, '4 Years', 'CSE', 80000),
(152, 'B.Tech Artificial Intelligence', 186.15, 120, '4 Years', 'AI&DS', 94000),
(153, 'B.E. Electronics & Communication', 181.52, 120, '4 Years', 'ECE', 93000),
(153, 'B.E. Information Technology', 163.18, 120, '4 Years', 'IT', 81000),
(153, 'B.E. Mechanical Engineering', 150.39, 60, '4 Years', 'MECH', 72000),
(153, 'B.E. Civil Engineering', 169.33, 120, '4 Years', 'CIVIL', 77000),
(154, 'B.E. Civil Engineering', 162.16, 60, '4 Years', 'CIVIL', 67000),
(154, 'B.Tech Artificial Intelligence', 154.62, 120, '4 Years', 'AI&DS', 110000),
(154, 'B.E. Mechanical Engineering', 151.73, 120, '4 Years', 'MECH', 77000),
(154, 'B.E. Computer Science', 187.81, 60, '4 Years', 'CSE', 85000),
(155, 'B.E. Mechanical Engineering', 181.78, 60, '4 Years', 'MECH', 76000),
(155, 'B.E. Computer Science', 190.99, 120, '4 Years', 'CSE', 78000),
(155, 'B.E. Civil Engineering', 154.57, 60, '4 Years', 'CIVIL', 76000),
(155, 'B.E. Information Technology', 180.66, 120, '4 Years', 'IT', 84000),
(155, 'B.E. Electronics & Communication', 174.53, 120, '4 Years', 'ECE', 78000),
(156, 'B.E. Mechanical Engineering', 161.64, 60, '4 Years', 'MECH', 78000),
(156, 'B.E. Electronics & Communication', 183.24, 120, '4 Years', 'ECE', 81000),
(156, 'B.E. Information Technology', 175.52, 120, '4 Years', 'IT', 77000),
(157, 'B.E. Information Technology', 160.09, 60, '4 Years', 'IT', 102000),
(157, 'B.Tech Artificial Intelligence', 165.98, 60, '4 Years', 'AI&DS', 88000),
(157, 'B.E. Civil Engineering', 197.93, 120, '4 Years', 'CIVIL', 63000),
(157, 'B.E. Electronics & Communication', 157.88, 120, '4 Years', 'ECE', 76000),
(158, 'B.E. Mechanical Engineering', 179.51, 120, '4 Years', 'MECH', 66000),
(158, 'B.E. Electronics & Communication', 151.63, 60, '4 Years', 'ECE', 83000),
(158, 'B.E. Information Technology', 152.21, 120, '4 Years', 'IT', 81000),
(158, 'B.Tech Artificial Intelligence', 154.36, 120, '4 Years', 'AI&DS', 99000),
(159, 'B.E. Electronics & Communication', 168.17, 120, '4 Years', 'ECE', 67000),
(159, 'B.E. Mechanical Engineering', 161.73, 60, '4 Years', 'MECH', 71000),
(159, 'B.Tech Artificial Intelligence', 150.65, 120, '4 Years', 'AI&DS', 103000),
(160, 'B.E. Information Technology', 169.53, 60, '4 Years', 'IT', 98000),
(160, 'B.E. Civil Engineering', 173.78, 60, '4 Years', 'CIVIL', 50000),
(160, 'B.E. Electronics & Communication', 161.99, 60, '4 Years', 'ECE', 80000),
(160, 'B.E. Mechanical Engineering', 175.01, 60, '4 Years', 'MECH', 59000),
(161, 'B.E. Mechanical Engineering', 197.93, 120, '4 Years', 'MECH', 66000),
(161, 'B.E. Civil Engineering', 174.28, 60, '4 Years', 'CIVIL', 59000),
(161, 'B.E. Electronics & Communication', 171.52, 60, '4 Years', 'ECE', 83000),
(162, 'B.E. Mechanical Engineering', 189.56, 120, '4 Years', 'MECH', 58000),
(162, 'B.E. Computer Science', 182.99, 60, '4 Years', 'CSE', 90000),
(162, 'B.E. Information Technology', 153.85, 120, '4 Years', 'IT', 88000),
(163, 'B.E. Mechanical Engineering', 181.77, 120, '4 Years', 'MECH', 80000),
(163, 'B.E. Electronics & Communication', 189.09, 60, '4 Years', 'ECE', 70000),
(163, 'B.Tech Artificial Intelligence', 171.62, 60, '4 Years', 'AI&DS', 106000),
(163, 'B.E. Information Technology', 176.82, 120, '4 Years', 'IT', 99000),
(164, 'B.E. Computer Science', 186.93, 120, '4 Years', 'CSE', 93000),
(164, 'B.E. Information Technology', 178.37, 120, '4 Years', 'IT', 84000),
(164, 'B.E. Civil Engineering', 170.59, 60, '4 Years', 'CIVIL', 60000),
(164, 'B.E. Electronics & Communication', 156.41, 120, '4 Years', 'ECE', 66000),
(164, 'B.Tech Artificial Intelligence', 186.19, 120, '4 Years', 'AI&DS', 89000),
(165, 'B.E. Electronics & Communication', 157.87, 120, '4 Years', 'ECE', 87000),
(165, 'B.E. Mechanical Engineering', 165.32, 60, '4 Years', 'MECH', 64000),
(165, 'B.E. Information Technology', 174.41, 120, '4 Years', 'IT', 81000),
(166, 'B.Tech Artificial Intelligence', 157.31, 60, '4 Years', 'AI&DS', 104000),
(166, 'B.E. Information Technology', 153.72, 60, '4 Years', 'IT', 82000),
(166, 'B.E. Mechanical Engineering', 154.63, 60, '4 Years', 'MECH', 71000),
(167, 'B.E. Mechanical Engineering', 168.22, 120, '4 Years', 'MECH', 81000),
(167, 'B.E. Civil Engineering', 158.97, 60, '4 Years', 'CIVIL', 52000),
(167, 'B.E. Information Technology', 175.19, 60, '4 Years', 'IT', 80000),
(167, 'B.E. Computer Science', 183.45, 120, '4 Years', 'CSE', 100000),
(168, 'B.E. Computer Science', 185.74, 120, '4 Years', 'CSE', 99000),
(168, 'B.E. Information Technology', 174.74, 60, '4 Years', 'IT', 91000),
(168, 'B.Tech Artificial Intelligence', 174.53, 60, '4 Years', 'AI&DS', 114000),
(169, 'B.E. Computer Science', 163.27, 120, '4 Years', 'CSE', 89000),
(169, 'B.E. Information Technology', 180.37, 60, '4 Years', 'IT', 90000),
(169, 'B.E. Electronics & Communication', 152.95, 120, '4 Years', 'ECE', 69000),
(170, 'B.E. Mechanical Engineering', 166.85, 120, '4 Years', 'MECH', 74000),
(170, 'B.E. Computer Science', 193.74, 60, '4 Years', 'CSE', 91000),
(170, 'B.Tech Artificial Intelligence', 153.19, 60, '4 Years', 'AI&DS', 105000),
(171, 'B.E. Information Technology', 160.16, 60, '4 Years', 'IT', 79000),
(171, 'B.E. Electronics & Communication', 164.43, 60, '4 Years', 'ECE', 65000),
(171, 'B.E. Mechanical Engineering', 150.24, 120, '4 Years', 'MECH', 65000),
(172, 'B.E. Electronics & Communication', 192.85, 60, '4 Years', 'ECE', 74000),
(172, 'B.E. Information Technology', 181.64, 120, '4 Years', 'IT', 76000),
(172, 'B.E. Mechanical Engineering', 176.61, 60, '4 Years', 'MECH', 65000),
(173, 'B.E. Mechanical Engineering', 194.41, 120, '4 Years', 'MECH', 84000),
(173, 'B.E. Electronics & Communication', 152.06, 60, '4 Years', 'ECE', 77000),
(173, 'B.E. Computer Science', 165.11, 120, '4 Years', 'CSE', 99000),
(173, 'B.E. Information Technology', 162.75, 120, '4 Years', 'IT', 86000),
(173, 'B.E. Civil Engineering', 189.64, 120, '4 Years', 'CIVIL', 52000),
(174, 'B.E. Information Technology', 151.23, 60, '4 Years', 'IT', 79000),
(174, 'B.E. Mechanical Engineering', 194.70, 120, '4 Years', 'MECH', 71000),
(174, 'B.Tech Artificial Intelligence', 150.52, 120, '4 Years', 'AI&DS', 99000),
(174, 'B.E. Computer Science', 194.37, 60, '4 Years', 'CSE', 102000),
(174, 'B.E. Civil Engineering', 168.84, 120, '4 Years', 'CIVIL', 50000),
(175, 'B.E. Mechanical Engineering', 163.73, 120, '4 Years', 'MECH', 56000),
(175, 'B.E. Electronics & Communication', 188.12, 60, '4 Years', 'ECE', 78000),
(175, 'B.Tech Artificial Intelligence', 177.13, 60, '4 Years', 'AI&DS', 99000),
(176, 'B.E. Computer Science', 173.39, 60, '4 Years', 'CSE', 82000),
(176, 'B.E. Mechanical Engineering', 177.34, 120, '4 Years', 'MECH', 62000),
(176, 'B.E. Civil Engineering', 197.43, 120, '4 Years', 'CIVIL', 72000),
(176, 'B.E. Information Technology', 192.97, 120, '4 Years', 'IT', 87000),
(177, 'B.Tech Artificial Intelligence', 197.32, 120, '4 Years', 'AI&DS', 101000),
(177, 'B.E. Mechanical Engineering', 188.28, 60, '4 Years', 'MECH', 65000),
(177, 'B.E. Computer Science', 175.18, 120, '4 Years', 'CSE', 84000),
(178, 'B.E. Civil Engineering', 184.85, 120, '4 Years', 'CIVIL', 65000),
(178, 'B.E. Electronics & Communication', 153.79, 120, '4 Years', 'ECE', 89000),
(178, 'B.E. Mechanical Engineering', 164.32, 60, '4 Years', 'MECH', 72000),
(178, 'B.E. Information Technology', 187.71, 120, '4 Years', 'IT', 76000),
(178, 'B.Tech Artificial Intelligence', 193.77, 60, '4 Years', 'AI&DS', 113000),
(179, 'B.E. Computer Science', 190.49, 60, '4 Years', 'CSE', 95000),
(179, 'B.E. Information Technology', 155.01, 60, '4 Years', 'IT', 78000),
(179, 'B.Tech Artificial Intelligence', 159.23, 120, '4 Years', 'AI&DS', 86000),
(180, 'B.E. Mechanical Engineering', 182.08, 60, '4 Years', 'MECH', 58000),
(180, 'B.E. Computer Science', 167.78, 120, '4 Years', 'CSE', 97000),
(180, 'B.Tech Artificial Intelligence', 179.46, 60, '4 Years', 'AI&DS', 87000),
(180, 'B.E. Civil Engineering', 180.70, 120, '4 Years', 'CIVIL', 68000),
(180, 'B.E. Electronics & Communication', 192.93, 60, '4 Years', 'ECE', 87000),
(181, 'B.E. Computer Science', 170.47, 60, '4 Years', 'CSE', 79000),
(181, 'B.E. Electronics & Communication', 156.84, 60, '4 Years', 'ECE', 86000),
(181, 'B.E. Civil Engineering', 176.67, 60, '4 Years', 'CIVIL', 68000),
(182, 'B.E. Information Technology', 165.38, 60, '4 Years', 'IT', 83000),
(182, 'B.Tech Artificial Intelligence', 179.58, 60, '4 Years', 'AI&DS', 98000),
(182, 'B.E. Mechanical Engineering', 151.80, 120, '4 Years', 'MECH', 79000),
(182, 'B.E. Computer Science', 187.40, 120, '4 Years', 'CSE', 80000),
(182, 'B.E. Civil Engineering', 156.71, 120, '4 Years', 'CIVIL', 62000),
(183, 'B.E. Mechanical Engineering', 156.43, 120, '4 Years', 'MECH', 67000),
(183, 'B.E. Electronics & Communication', 163.81, 120, '4 Years', 'ECE', 65000),
(183, 'B.E. Information Technology', 158.34, 60, '4 Years', 'IT', 80000),
(184, 'B.E. Mechanical Engineering', 195.52, 120, '4 Years', 'MECH', 71000),
(184, 'B.E. Computer Science', 172.32, 120, '4 Years', 'CSE', 80000),
(184, 'B.Tech Artificial Intelligence', 189.94, 120, '4 Years', 'AI&DS', 96000),
(184, 'B.E. Civil Engineering', 197.45, 60, '4 Years', 'CIVIL', 61000),
(184, 'B.E. Information Technology', 188.37, 120, '4 Years', 'IT', 76000),
(185, 'B.E. Electronics & Communication', 181.01, 120, '4 Years', 'ECE', 75000),
(185, 'B.Tech Artificial Intelligence', 192.02, 120, '4 Years', 'AI&DS', 89000),
(185, 'B.E. Information Technology', 155.03, 120, '4 Years', 'IT', 83000),
(185, 'B.E. Civil Engineering', 184.75, 120, '4 Years', 'CIVIL', 56000),
(186, 'B.E. Computer Science', 171.30, 60, '4 Years', 'CSE', 87000),
(186, 'B.E. Information Technology', 157.08, 60, '4 Years', 'IT', 83000),
(186, 'B.E. Mechanical Engineering', 190.61, 120, '4 Years', 'MECH', 66000),
(187, 'B.E. Information Technology', 192.08, 120, '4 Years', 'IT', 89000),
(187, 'B.Tech Artificial Intelligence', 191.26, 120, '4 Years', 'AI&DS', 108000),
(187, 'B.E. Computer Science', 184.39, 120, '4 Years', 'CSE', 102000),
(187, 'B.E. Mechanical Engineering', 159.78, 120, '4 Years', 'MECH', 59000),
(188, 'B.E. Computer Science', 182.89, 60, '4 Years', 'CSE', 104000),
(188, 'B.E. Information Technology', 182.47, 120, '4 Years', 'IT', 90000),
(188, 'B.E. Civil Engineering', 186.76, 120, '4 Years', 'CIVIL', 62000),
(188, 'B.Tech Artificial Intelligence', 171.40, 60, '4 Years', 'AI&DS', 105000),
(188, 'B.E. Electronics & Communication', 167.75, 60, '4 Years', 'ECE', 92000),
(189, 'B.E. Electronics & Communication', 182.08, 120, '4 Years', 'ECE', 84000),
(189, 'B.E. Information Technology', 179.74, 60, '4 Years', 'IT', 89000),
(189, 'B.Tech Artificial Intelligence', 175.72, 120, '4 Years', 'AI&DS', 113000),
(189, 'B.E. Computer Science', 177.49, 60, '4 Years', 'CSE', 77000),
(189, 'B.E. Mechanical Engineering', 193.33, 60, '4 Years', 'MECH', 77000),
(190, 'B.E. Computer Science', 186.75, 60, '4 Years', 'CSE', 82000),
(190, 'B.E. Information Technology', 161.99, 60, '4 Years', 'IT', 75000),
(190, 'B.E. Civil Engineering', 180.54, 120, '4 Years', 'CIVIL', 73000),
(191, 'B.Tech Artificial Intelligence', 182.55, 60, '4 Years', 'AI&DS', 93000),
(191, 'B.E. Civil Engineering', 197.44, 60, '4 Years', 'CIVIL', 75000),
(191, 'B.E. Mechanical Engineering', 167.99, 60, '4 Years', 'MECH', 73000),
(191, 'B.E. Electronics & Communication', 161.03, 120, '4 Years', 'ECE', 86000),
(191, 'B.E. Information Technology', 164.92, 60, '4 Years', 'IT', 103000),
(192, 'B.E. Electronics & Communication', 167.40, 60, '4 Years', 'ECE', 69000),
(192, 'B.E. Mechanical Engineering', 150.87, 120, '4 Years', 'MECH', 84000),
(192, 'B.E. Information Technology', 167.81, 120, '4 Years', 'IT', 87000),
(193, 'B.E. Electronics & Communication', 160.67, 60, '4 Years', 'ECE', 70000),
(193, 'B.E. Computer Science', 179.87, 60, '4 Years', 'CSE', 100000),
(193, 'B.Tech Artificial Intelligence', 188.16, 60, '4 Years', 'AI&DS', 102000),
(193, 'B.E. Information Technology', 153.84, 120, '4 Years', 'IT', 104000),
(193, 'B.E. Civil Engineering', 157.53, 60, '4 Years', 'CIVIL', 79000),
(194, 'B.E. Electronics & Communication', 195.35, 60, '4 Years', 'ECE', 68000),
(194, 'B.E. Civil Engineering', 174.13, 120, '4 Years', 'CIVIL', 65000),
(194, 'B.E. Computer Science', 159.49, 120, '4 Years', 'CSE', 88000),
(194, 'B.E. Mechanical Engineering', 174.03, 60, '4 Years', 'MECH', 61000),
(195, 'B.E. Computer Science', 167.99, 60, '4 Years', 'CSE', 95000),
(195, 'B.E. Information Technology', 155.24, 60, '4 Years', 'IT', 81000),
(195, 'B.Tech Artificial Intelligence', 189.02, 60, '4 Years', 'AI&DS', 113000),
(195, 'B.E. Civil Engineering', 164.17, 60, '4 Years', 'CIVIL', 53000),
(196, 'B.E. Information Technology', 176.98, 120, '4 Years', 'IT', 97000),
(196, 'B.E. Computer Science', 170.25, 60, '4 Years', 'CSE', 79000),
(196, 'B.Tech Artificial Intelligence', 186.50, 60, '4 Years', 'AI&DS', 87000),
(197, 'B.Tech Artificial Intelligence', 190.66, 60, '4 Years', 'AI&DS', 107000),
(197, 'B.E. Civil Engineering', 152.34, 60, '4 Years', 'CIVIL', 76000),
(197, 'B.E. Mechanical Engineering', 194.92, 60, '4 Years', 'MECH', 59000),
(197, 'B.E. Electronics & Communication', 190.11, 120, '4 Years', 'ECE', 80000);

-- 4. PLACEMENTS
INSERT INTO placements (college_id, year, highest_package, average_package, placement_percent, top_recruiters) VALUES
(100, 2024, 37.71, 14.44, 87.22, 'Google, Microsoft, Amazon, Zoho, Freshworks'),
(101, 2024, 20.83, 5.87, 77.38, 'TCS, Infosys, Wipro, HCL, Cognizant'),
(102, 2024, 10.98, 4.22, 86.75, 'Zoho, TCS, Wipro, Amazon'),
(103, 2024, 54.58, 9.13, 82.86, 'Zoho, TCS, Wipro, Amazon'),
(104, 2024, 47.16, 12.86, 96.74, 'Google, Microsoft, Amazon, Zoho, Freshworks'),
(105, 2024, 19.98, 5.24, 97.83, 'TCS, Infosys, CTS, L&T Infotech'),
(106, 2024, 13.32, 5.99, 76.36, 'TCS, Infosys, Wipro, HCL, Cognizant'),
(107, 2024, 21.64, 4.02, 84.67, 'TCS, Infosys, Wipro, HCL, Cognizant'),
(108, 2024, 22.84, 4.44, 88.86, 'Zoho, TCS, Wipro, Amazon'),
(109, 2024, 14.32, 3.63, 82.38, 'Zoho, TCS, Wipro, Amazon'),
(110, 2024, 16.36, 5.48, 84.25, 'TCS, Infosys, Wipro, HCL, Cognizant'),
(111, 2024, 18.32, 5.54, 85.95, 'Google, Microsoft, Amazon, Zoho, Freshworks'),
(112, 2024, 8.44, 4.22, 76.77, 'TCS, Infosys, CTS, L&T Infotech'),
(113, 2024, 11.51, 5.98, 97.50, 'Google, Microsoft, Amazon, Zoho, Freshworks'),
(114, 2024, 9.34, 3.77, 93.32, 'Google, Microsoft, Amazon, Zoho, Freshworks'),
(115, 2024, 8.92, 3.58, 79.29, 'Accenture, Capgemini, IBM, Tech Mahindra'),
(116, 2024, 8.75, 4.91, 77.22, 'Zoho, TCS, Wipro, Amazon'),
(117, 2024, 13.41, 3.82, 84.66, 'TCS, Infosys, CTS, L&T Infotech'),
(118, 2024, 19.47, 4.20, 80.53, 'TCS, Infosys, CTS, L&T Infotech'),
(119, 2024, 15.96, 4.32, 82.30, 'Accenture, Capgemini, IBM, Tech Mahindra'),
(120, 2024, 14.84, 4.37, 97.73, 'Accenture, Capgemini, IBM, Tech Mahindra'),
(121, 2024, 20.26, 4.44, 75.84, 'Google, Microsoft, Amazon, Zoho, Freshworks'),
(122, 2024, 11.59, 5.35, 89.46, 'TCS, Infosys, CTS, L&T Infotech'),
(123, 2024, 23.09, 4.31, 88.91, 'TCS, Infosys, Wipro, HCL, Cognizant'),
(124, 2024, 22.20, 4.91, 77.94, 'TCS, Infosys, CTS, L&T Infotech'),
(125, 2024, 19.44, 5.29, 79.44, 'Accenture, Capgemini, IBM, Tech Mahindra'),
(126, 2024, 18.90, 4.52, 79.89, 'TCS, Infosys, CTS, L&T Infotech'),
(127, 2024, 40.14, 13.24, 88.46, 'TCS, Infosys, CTS, L&T Infotech'),
(128, 2024, 15.55, 4.98, 81.99, 'Google, Microsoft, Amazon, Zoho, Freshworks'),
(129, 2024, 14.20, 3.89, 91.30, 'TCS, Infosys, Wipro, HCL, Cognizant'),
(130, 2024, 14.92, 3.54, 91.33, 'Google, Microsoft, Amazon, Zoho, Freshworks'),
(131, 2024, 23.64, 5.28, 94.03, 'Google, Microsoft, Amazon, Zoho, Freshworks'),
(132, 2024, 21.33, 4.52, 80.45, 'TCS, Infosys, Wipro, HCL, Cognizant'),
(133, 2024, 22.04, 4.30, 97.42, 'TCS, Infosys, Wipro, HCL, Cognizant'),
(134, 2024, 14.24, 4.67, 84.91, 'Google, Microsoft, Amazon, Zoho, Freshworks'),
(135, 2024, 13.12, 4.93, 92.40, 'Zoho, TCS, Wipro, Amazon'),
(136, 2024, 23.55, 4.62, 92.95, 'Google, Microsoft, Amazon, Zoho, Freshworks'),
(137, 2024, 20.19, 5.78, 92.36, 'Zoho, TCS, Wipro, Amazon'),
(138, 2024, 20.80, 3.75, 91.33, 'TCS, Infosys, CTS, L&T Infotech'),
(139, 2024, 14.25, 3.63, 90.34, 'Zoho, TCS, Wipro, Amazon'),
(140, 2024, 22.33, 3.69, 88.60, 'TCS, Infosys, Wipro, HCL, Cognizant'),
(141, 2024, 12.76, 4.84, 96.78, 'TCS, Infosys, CTS, L&T Infotech'),
(142, 2024, 14.15, 3.90, 95.10, 'TCS, Infosys, CTS, L&T Infotech'),
(143, 2024, 13.12, 3.73, 89.55, 'TCS, Infosys, Wipro, HCL, Cognizant'),
(144, 2024, 8.56, 5.74, 89.71, 'Zoho, TCS, Wipro, Amazon'),
(145, 2024, 23.71, 4.50, 84.24, 'Zoho, TCS, Wipro, Amazon'),
(146, 2024, 13.33, 5.03, 81.90, 'Google, Microsoft, Amazon, Zoho, Freshworks'),
(147, 2024, 18.08, 5.01, 88.58, 'Zoho, TCS, Wipro, Amazon'),
(148, 2024, 22.87, 3.88, 76.00, 'TCS, Infosys, Wipro, HCL, Cognizant'),
(149, 2024, 21.37, 5.46, 95.86, 'TCS, Infosys, Wipro, HCL, Cognizant'),
(150, 2024, 12.42, 5.91, 81.44, 'Zoho, TCS, Wipro, Amazon'),
(151, 2024, 18.52, 3.65, 93.91, 'Zoho, TCS, Wipro, Amazon'),
(152, 2024, 13.88, 5.20, 83.84, 'TCS, Infosys, Wipro, HCL, Cognizant'),
(153, 2024, 20.90, 5.46, 82.08, 'Accenture, Capgemini, IBM, Tech Mahindra'),
(154, 2024, 18.45, 3.54, 76.91, 'Google, Microsoft, Amazon, Zoho, Freshworks'),
(155, 2024, 14.72, 4.70, 84.13, 'TCS, Infosys, Wipro, HCL, Cognizant'),
(156, 2024, 9.11, 4.85, 83.15, 'Accenture, Capgemini, IBM, Tech Mahindra'),
(157, 2024, 21.33, 5.89, 89.64, 'TCS, Infosys, Wipro, HCL, Cognizant'),
(158, 2024, 18.75, 3.93, 86.96, 'Google, Microsoft, Amazon, Zoho, Freshworks'),
(159, 2024, 11.53, 4.64, 75.16, 'TCS, Infosys, CTS, L&T Infotech'),
(160, 2024, 19.37, 3.99, 89.55, 'Google, Microsoft, Amazon, Zoho, Freshworks'),
(161, 2024, 8.40, 5.28, 93.30, 'Accenture, Capgemini, IBM, Tech Mahindra'),
(162, 2024, 14.54, 4.60, 85.46, 'TCS, Infosys, Wipro, HCL, Cognizant'),
(163, 2024, 16.06, 5.91, 97.34, 'Accenture, Capgemini, IBM, Tech Mahindra'),
(164, 2024, 23.00, 5.00, 87.54, 'Zoho, TCS, Wipro, Amazon'),
(165, 2024, 22.84, 5.57, 86.01, 'TCS, Infosys, CTS, L&T Infotech'),
(166, 2024, 12.89, 5.06, 81.11, 'TCS, Infosys, CTS, L&T Infotech'),
(167, 2024, 13.38, 4.66, 89.15, 'Zoho, TCS, Wipro, Amazon'),
(168, 2024, 15.55, 4.67, 93.12, 'Accenture, Capgemini, IBM, Tech Mahindra'),
(169, 2024, 10.97, 5.83, 94.15, 'Google, Microsoft, Amazon, Zoho, Freshworks'),
(170, 2024, 24.45, 5.62, 80.28, 'Zoho, TCS, Wipro, Amazon'),
(171, 2024, 19.46, 4.09, 82.20, 'TCS, Infosys, Wipro, HCL, Cognizant'),
(172, 2024, 16.46, 3.78, 92.68, 'Google, Microsoft, Amazon, Zoho, Freshworks'),
(173, 2024, 16.29, 3.93, 87.26, 'TCS, Infosys, Wipro, HCL, Cognizant'),
(174, 2024, 22.43, 4.18, 95.01, 'Google, Microsoft, Amazon, Zoho, Freshworks'),
(175, 2024, 13.89, 4.41, 96.41, 'Google, Microsoft, Amazon, Zoho, Freshworks'),
(176, 2024, 13.78, 5.60, 84.17, 'TCS, Infosys, CTS, L&T Infotech'),
(177, 2024, 18.39, 4.23, 96.65, 'Zoho, TCS, Wipro, Amazon'),
(178, 2024, 9.48, 3.76, 86.77, 'Zoho, TCS, Wipro, Amazon'),
(179, 2024, 11.93, 4.90, 81.06, 'TCS, Infosys, CTS, L&T Infotech'),
(180, 2024, 21.11, 4.89, 82.67, 'TCS, Infosys, CTS, L&T Infotech'),
(181, 2024, 16.43, 4.68, 86.29, 'Zoho, TCS, Wipro, Amazon'),
(182, 2024, 16.32, 4.17, 88.98, 'Accenture, Capgemini, IBM, Tech Mahindra'),
(183, 2024, 13.80, 4.05, 75.31, 'Accenture, Capgemini, IBM, Tech Mahindra'),
(184, 2024, 12.98, 5.87, 88.24, 'TCS, Infosys, Wipro, HCL, Cognizant'),
(185, 2024, 16.39, 5.29, 77.79, 'Zoho, TCS, Wipro, Amazon'),
(186, 2024, 24.01, 3.74, 80.81, 'Zoho, TCS, Wipro, Amazon'),
(187, 2024, 9.71, 4.35, 85.91, 'Google, Microsoft, Amazon, Zoho, Freshworks'),
(188, 2024, 18.98, 5.26, 81.64, 'Accenture, Capgemini, IBM, Tech Mahindra'),
(189, 2024, 13.61, 4.39, 86.34, 'TCS, Infosys, CTS, L&T Infotech'),
(190, 2024, 8.34, 5.44, 82.71, 'Zoho, TCS, Wipro, Amazon'),
(191, 2024, 12.90, 4.75, 87.05, 'Google, Microsoft, Amazon, Zoho, Freshworks'),
(192, 2024, 18.70, 5.80, 84.05, 'Zoho, TCS, Wipro, Amazon'),
(193, 2024, 18.11, 5.69, 91.46, 'TCS, Infosys, CTS, L&T Infotech'),
(194, 2024, 14.92, 4.00, 82.95, 'TCS, Infosys, CTS, L&T Infotech'),
(195, 2024, 23.48, 3.99, 75.41, 'Accenture, Capgemini, IBM, Tech Mahindra'),
(196, 2024, 23.05, 5.64, 90.17, 'TCS, Infosys, Wipro, HCL, Cognizant'),
(197, 2024, 9.45, 4.07, 91.20, 'TCS, Infosys, Wipro, HCL, Cognizant');

-- 5. EVENTS
INSERT INTO events (college_id, name, description, event_date, location, max_participants) VALUES
(100, 'Hackathon 2025', 'Annual technical event at IIT Madras (Indian Institute of Technology) featuring multiple competitions.', '2025-10-23', 'Main Campus, Chennai', 284),
(102, 'Hackathon 2025', 'Annual technical event at Madras Institute of Technology (MIT) featuring multiple competitions.', '2025-09-12', 'Main Campus, Chennai', 365),
(103, 'CodeFest', 'Annual technical event at IIITDM Kancheepuram featuring multiple competitions.', '2025-08-06', 'Main Campus, Chennai', 204),
(107, 'Open Day 2025', 'Annual technical event at Sri Sairam Engineering College featuring multiple competitions.', '2025-10-17', 'Main Campus, Chennai', 488),
(109, 'Hackathon 2025', 'Annual technical event at St. Joseph''s College of Engineering featuring multiple competitions.', '2025-06-18', 'Main Campus, Chennai', 671),
(110, 'Open Day 2025', 'Annual technical event at Saveetha Engineering College featuring multiple competitions.', '2025-07-19', 'Main Campus, Chennai', 992),
(111, 'Tech Symposium 2025', 'Annual technical event at KCG College of Technology featuring multiple competitions.', '2025-08-10', 'Main Campus, Chennai', 733),
(113, 'Innovate Chennai', 'Annual technical event at Meenakshi Sundararajan Engineering College featuring multiple competitions.', '2025-10-05', 'Main Campus, Chennai', 644),
(114, 'Hackathon 2025', 'Annual technical event at Sri Venkateswara College of Engineering (SVCE) featuring multiple competitions.', '2025-07-21', 'Main Campus, Chennai', 541),
(115, 'Hackathon 2025', 'Annual technical event at Panimalar Engineering College featuring multiple competitions.', '2025-06-03', 'Main Campus, Chennai', 567),
(116, 'CodeFest', 'Annual technical event at Velammal Engineering College featuring multiple competitions.', '2025-06-21', 'Main Campus, Chennai', 533),
(117, 'CodeFest', 'Annual technical event at Jeppiaar Engineering College featuring multiple competitions.', '2025-06-20', 'Main Campus, Chennai', 287),
(119, 'Hackathon 2025', 'Annual technical event at B.S. Abdur Rahman Crescent Institute of Science and Technology featuring multiple competitions.', '2025-09-24', 'Main Campus, Chennai', 780),
(120, 'Innovate Chennai', 'Annual technical event at Dhaanish Ahmed College of Engineering featuring multiple competitions.', '2025-09-03', 'Main Campus, Chennai', 236),
(121, 'Hackathon 2025', 'Annual technical event at Sree Sastha Institute of Engineering & Technology featuring multiple competitions.', '2025-06-14', 'Main Campus, Chennai', 469),
(123, 'Open Day 2025', 'Annual technical event at VIT Chennai Campus featuring multiple competitions.', '2025-07-06', 'Main Campus, Chennai', 734),
(124, 'Hackathon 2025', 'Annual technical event at Sathyabama Institute of Science and Technology featuring multiple competitions.', '2025-07-15', 'Main Campus, Chennai', 318),
(125, 'Tech Symposium 2025', 'Annual technical event at Dr. M.G.R. Educational and Research Institute featuring multiple competitions.', '2025-08-06', 'Main Campus, Chennai', 546),
(126, 'CodeFest', 'Annual technical event at VELS Institute of Science, Technology and Advanced Studies featuring multiple competitions.', '2025-10-16', 'Main Campus, Chennai', 269),
(127, 'Tech Symposium 2025', 'Annual technical event at PSG College of Technology (PSGCT) featuring multiple competitions.', '2025-06-21', 'Main Campus, Coimbatore', 477),
(128, 'Tech Symposium 2025', 'Annual technical event at Government College of Technology featuring multiple competitions.', '2025-07-20', 'Main Campus, Coimbatore', 519),
(129, 'Hackathon 2025', 'Annual technical event at Coimbatore Institute of Technology (CIT) featuring multiple competitions.', '2025-07-04', 'Main Campus, Coimbatore', 271),
(130, 'CodeFest', 'Annual technical event at Kumaraguru College of Technology (KCT) featuring multiple competitions.', '2025-09-06', 'Main Campus, Coimbatore', 221),
(132, 'Innovate Coimbatore', 'Annual technical event at Karunya Institute of Technology and Sciences featuring multiple competitions.', '2025-07-21', 'Main Campus, Coimbatore', 444),
(133, 'CodeFest', 'Annual technical event at Sri Krishna College of Engineering and Technology featuring multiple competitions.', '2025-06-05', 'Main Campus, Coimbatore', 349),
(134, 'Innovate Coimbatore', 'Annual technical event at Sri Ramakrishna Engineering College (SREC) featuring multiple competitions.', '2025-07-21', 'Main Campus, Coimbatore', 815),
(136, 'Open Day 2025', 'Annual technical event at Sri Ranganathar Institute of Engineering and Technology featuring multiple competitions.', '2025-10-01', 'Main Campus, Coimbatore', 630),
(138, 'Innovate Coimbatore', 'Annual technical event at Sri Shakthi Institute of Engineering and Technology (Autonomous) featuring multiple competitions.', '2025-10-27', 'Main Campus, Coimbatore', 694),
(140, 'Hackathon 2025', 'Annual technical event at Suguna College of Engineering featuring multiple competitions.', '2025-09-21', 'Main Campus, Coimbatore', 432),
(142, 'Open Day 2025', 'Annual technical event at VSB College of Engineering Technical Campus featuring multiple competitions.', '2025-08-10', 'Main Campus, Coimbatore', 300),
(143, 'Hackathon 2025', 'Annual technical event at Aishwarya College of Engineering and Technology featuring multiple competitions.', '2025-08-02', 'Main Campus, Erode', 232),
(144, 'Open Day 2025', 'Annual technical event at Al-Ameen Engineering College featuring multiple competitions.', '2025-08-09', 'Main Campus, Erode', 731),
(147, 'Tech Symposium 2025', 'Annual technical event at Institute of Road and Transport Technology featuring multiple competitions.', '2025-09-24', 'Main Campus, Erode', 665),
(149, 'Hackathon 2025', 'Annual technical event at Kongu Engineering College (Autonomous) featuring multiple competitions.', '2025-07-07', 'Main Campus, Erode', 385),
(150, 'Open Day 2025', 'Annual technical event at MP Nachimuthu M Jagannathan Engineering College featuring multiple competitions.', '2025-07-04', 'Main Campus, Erode', 868),
(151, 'Hackathon 2025', 'Annual technical event at Nandha Engineering College (Autonomous) featuring multiple competitions.', '2025-10-05', 'Main Campus, Erode', 270),
(154, 'Innovate Erode', 'Annual technical event at Velalar College of Engineering and Technology featuring multiple competitions.', '2025-07-08', 'Main Campus, Erode', 317),
(155, 'Open Day 2025', 'Annual technical event at Annai Mathammal Sheela featuring multiple competitions.', '2025-06-07', 'Main Campus, Namakkal', 535),
(156, 'Hackathon 2025', 'Annual technical event at Excel College of Engg & Tech featuring multiple competitions.', '2025-06-24', 'Main Campus, Namakkal', 851),
(157, 'Hackathon 2025', 'Annual technical event at Excel Engineering College (A) featuring multiple competitions.', '2025-07-23', 'Main Campus, Namakkal', 786),
(159, 'Hackathon 2025', 'Annual technical event at Gnanamani College of Tech featuring multiple competitions.', '2025-06-11', 'Main Campus, Namakkal', 296),
(160, 'Open Day 2025', 'Annual technical event at JKK Nataraja College of Engg featuring multiple competitions.', '2025-06-03', 'Main Campus, Namakkal', 615),
(161, 'CodeFest', 'Annual technical event at KSR College of Engg (A) featuring multiple competitions.', '2025-08-17', 'Main Campus, Namakkal', 274),
(162, 'Hackathon 2025', 'Annual technical event at KSR Inst. for Engg & Tech featuring multiple competitions.', '2025-07-24', 'Main Campus, Namakkal', 816),
(163, 'Open Day 2025', 'Annual technical event at KS Rangasamy Coll of Tech featuring multiple competitions.', '2025-08-07', 'Main Campus, Namakkal', 939),
(164, 'Open Day 2025', 'Annual technical event at Mahendra Engg College (A) featuring multiple competitions.', '2025-09-24', 'Main Campus, Namakkal', 399),
(169, 'Open Day 2025', 'Annual technical event at PGP College of Engg & Tech featuring multiple competitions.', '2025-07-22', 'Main Campus, Namakkal', 656),
(170, 'CodeFest', 'Annual technical event at Paavai College of Engg featuring multiple competitions.', '2025-09-12', 'Main Campus, Namakkal', 591),
(171, 'Open Day 2025', 'Annual technical event at Paavai College of Technology featuring multiple competitions.', '2025-07-13', 'Main Campus, Namakkal', 285),
(173, 'CodeFest', 'Annual technical event at SSM College of Engineering featuring multiple competitions.', '2025-09-23', 'Main Campus, Namakkal', 641),
(174, 'Open Day 2025', 'Annual technical event at Selvam College of Technology featuring multiple competitions.', '2025-08-17', 'Main Campus, Namakkal', 482),
(175, 'Open Day 2025', 'Annual technical event at Sengunthar College of Engg featuring multiple competitions.', '2025-08-09', 'Main Campus, Namakkal', 283),
(176, 'Open Day 2025', 'Annual technical event at Sengunthar Engg College (A) featuring multiple competitions.', '2025-10-07', 'Main Campus, Namakkal', 904),
(177, 'Tech Symposium 2025', 'Annual technical event at SRG Engineering College featuring multiple competitions.', '2025-07-24', 'Main Campus, Namakkal', 664),
(178, 'Innovate Namakkal', 'Annual technical event at Vidyaa Vikas Coll of Engg featuring multiple competitions.', '2025-07-13', 'Main Campus, Namakkal', 253),
(179, 'Open Day 2025', 'Annual technical event at Vivekanandha Coll (Women) featuring multiple competitions.', '2025-10-09', 'Main Campus, Namakkal', 429),
(180, 'Tech Symposium 2025', 'Annual technical event at Vivekanandha Tech (Women) featuring multiple competitions.', '2025-07-11', 'Main Campus, Namakkal', 760),
(181, 'Open Day 2025', 'Annual technical event at AVS Engineering College featuring multiple competitions.', '2025-07-12', 'Main Campus, Salem', 223),
(182, 'Hackathon 2025', 'Annual technical event at Annapoorana Engineering College featuring multiple competitions.', '2025-10-01', 'Main Campus, Salem', 361),
(183, 'Open Day 2025', 'Annual technical event at AVS College of Technology featuring multiple competitions.', '2025-07-16', 'Main Campus, Salem', 491),
(186, 'CodeFest', 'Annual technical event at GCE Salem (Autonomous) featuring multiple competitions.', '2025-06-11', 'Main Campus, Salem', 298),
(187, 'Innovate Salem', 'Annual technical event at Knowledge Institute of Tech featuring multiple competitions.', '2025-06-26', 'Main Campus, Salem', 854),
(188, 'Hackathon 2025', 'Annual technical event at Mahendra College of Engineering featuring multiple competitions.', '2025-10-17', 'Main Campus, Salem', 810),
(189, 'CodeFest', 'Annual technical event at Narasu''s Sarathy Inst. of Tech featuring multiple competitions.', '2025-10-25', 'Main Campus, Salem', 547),
(190, 'Tech Symposium 2025', 'Annual technical event at Salem College of Engg & Tech featuring multiple competitions.', '2025-10-16', 'Main Campus, Salem', 834),
(193, 'Open Day 2025', 'Annual technical event at Sri Shanmugha College of Engg featuring multiple competitions.', '2025-07-12', 'Main Campus, Salem', 795),
(196, 'Tech Symposium 2025', 'Annual technical event at The Kavery Engineering College featuring multiple competitions.', '2025-08-10', 'Main Campus, Salem', 938),
(197, 'Tech Symposium 2025', 'Annual technical event at VSA Group of Institutions featuring multiple competitions.', '2025-10-08', 'Main Campus, Salem', 759);

